{"dim_0_values": [25050.0, 25100.0, 25150.0, 25200.0, 25250.0, 25300.0, 25350.0, 25400.0, 25450.0, 25500.0, 25550.0, 25600.0, 25650.0, 25700.0, 25750.0, 25800.0, 25850.0, 25900.0, 25950.0, 26000.0, 26050.0, 26100.0, 26150.0, 26200.0, 26250.0, 26300.0, 26350.0, 26400.0, 26450.0, 26500.0, 26550.0, 26600.0, 26650.0, 26700.0, 26750.0, 26800.0, 26850.0, 26900.0, 26950.0, 27000.0, 27050.0, 27100.0, 27150.0, 27200.0, 27250.0, 27300.0, 27350.0, 27400.0, 27450.0, 27500.0, 27550.0, 27600.0, 27650.0, 27700.0, 27750.0, 27800.0, 27850.0, 27900.0, 27950.0, 28000.0], "dim_0_label": "lambda", "correlation": [0.4686236705717752, 0.4686554129551251, 0.4686870236669208, 0.46871850329683, 0.46874985243095413, 0.4687810716518581, 0.4688121615385978, 0.46884312266674727, 0.4688739556084266, 0.4689046609323288, 0.4689352392037462, 0.4689656909845973, 0.4689960168334531, 0.46902621730556293, 0.46905629295288015, 0.4690862443240879, 0.4691160719646238, 0.4691457764167059, 0.4691753582193565, 0.4692048179084276, 0.46923415601662394, 0.46926337307352817, 0.4692924696056249, 0.46932144613632254, 0.46935030318597926, 0.46937904127192354, 0.4694076609084791, 0.4694361626069867, 0.4694645468758267, 0.469492814220442, 0.4695209651433589, 0.4695490001442106, 0.4695769197197567, 0.4696047243639075, 0.46963241456774274, 0.46965999081953413, 0.4696874536047655, 0.4697148034061542, 0.46974204070367087, 0.4697691659745601, 0.46979617969336096, 0.46982308233192566, 0.46984987435944103, 0.4698765562424469, 0.4699031284448556, 0.4699295914279716, 0.4699559456505104, 0.4699821915686172, 0.4700083296358858, 0.4700343603033774, 0.4700602840196381, 0.47008610123071803, 0.47011181238018873, 0.4701374179091614, 0.4701629182563047, 0.4701883138578617, 0.47021360514766786, 0.4702387925571684, 0.47026387651543433, 0.47028885744918086], "MAE": [1.2545549000330911, 1.2544864794003576, 1.2544181832952694, 1.2543500113062254, 1.2542819630236335, 1.254214038039899, 1.25414671483363, 1.254080355225772, 1.254014113658108, 1.253947989749831, 1.2538819831219508, 1.253816093397284, 1.2537503202004427, 1.2536846631578222, 1.2536191218975905, 1.2535536960496767, 1.2534889006581902, 1.2534254227630712, 1.2533624220670054, 1.2533014332616568, 1.2532405500226333, 1.2531797720178692, 1.2531190989168453, 1.2530585303905797, 1.2529980661116182, 1.252937705754024, 1.252877448993371, 1.2528172955067305, 1.2527572449726656, 1.2526972970712207, 1.2526374514839123, 1.2525777078937201, 1.2525180659850783, 1.2524606472080138, 1.252403880397606, 1.2523472095642256, 1.252290634415219, 1.2522352110815722, 1.2521803138537337, 1.2521255089792414, 1.2520707961777748, 1.2520161751702608, 1.2519616456788665, 1.2519072074269932, 1.2518528601392678, 1.2517986035415365, 1.2517444373608577, 1.2516903613254944, 1.251636375164908, 1.2515824786097505, 1.2515287331324845, 1.2514755933530204, 1.2514225392612137, 1.251369570607174, 1.2513166871420807, 1.2512638886181766, 1.2512111747887626, 1.2511585454081902, 1.2511064927597402, 1.2510547619485952]}