{"dim_0_values": [175.0, 203.44827586206895, 231.89655172413794, 260.34482758620686, 288.7931034482759, 317.2413793103448, 345.6896551724138, 374.1379310344828, 402.58620689655174, 431.0344827586207, 459.48275862068965, 487.9310344827586, 516.3793103448276, 544.8275862068965, 573.2758620689656, 601.7241379310344, 630.1724137931035, 658.6206896551723, 687.0689655172414, 715.5172413793103, 743.9655172413793, 772.4137931034483, 800.8620689655172, 829.3103448275862, 857.7586206896551, 886.2068965517241, 914.655172413793, 943.1034482758621, 971.551724137931, 1000.0], "dim_0_label": "lambda", "correlation": [0.3665385213100425, 0.3715673889748765, 0.37606093264745877, 0.38011564225375466, 0.38380400948935317, 0.387181960685204, 0.3902935950339166, 0.3931743269729803, 0.3958530407705692, 0.39835361030503136, 0.4006959975309388, 0.4028970634085069, 0.40497117775084585, 0.40693068539801414, 0.4087862677659739, 0.41054722690369333, 0.4122217112766754, 0.41381689712532693, 0.4153391355336323, 0.4167940727315448, 0.41818674928805294, 0.4195216824987148, 0.42080293527761065, 0.42203417412480654, 0.4232187181848167, 0.4243595809897301, 0.4254595061569383, 0.4265209980610678, 0.4275463483043388, 0.4285376586559239], "MAE": [1.418946762592805, 1.3976943613221373, 1.3793043053645042, 1.3631884107226124, 1.3488519144875435, 1.335992970132902, 1.3244712192474193, 1.3142126697093885, 1.304886229002131, 1.2962390175449479, 1.2881809580916896, 1.280855316331848, 1.2740158786866302, 1.2676537999488262, 1.2617548954629902, 1.2561240990934825, 1.2507944155415118, 1.2457549118587306, 1.2409164432945523, 1.236313632219374, 1.2319138848792994, 1.2276932150851845, 1.2237706094966496, 1.2200023486927798, 1.2164024938993345, 1.21296160102082, 1.209642772485558, 1.2064355692228081, 1.2033381913120267, 1.2003536422997303]}