{"dim_0_values": [25050.0, 25100.0, 25150.0, 25200.0, 25250.0, 25300.0, 25350.0, 25400.0, 25450.0, 25500.0, 25550.0, 25600.0, 25650.0, 25700.0, 25750.0, 25800.0, 25850.0, 25900.0, 25950.0, 26000.0, 26050.0, 26100.0, 26150.0, 26200.0, 26250.0, 26300.0, 26350.0, 26400.0, 26450.0, 26500.0, 26550.0, 26600.0, 26650.0, 26700.0, 26750.0, 26800.0, 26850.0, 26900.0, 26950.0, 27000.0, 27050.0, 27100.0, 27150.0, 27200.0, 27250.0, 27300.0, 27350.0, 27400.0, 27450.0, 27500.0, 27550.0, 27600.0, 27650.0, 27700.0, 27750.0, 27800.0, 27850.0, 27900.0, 27950.0, 28000.0], "dim_0_label": "lambda", "correlation": [0.5254285497647053, 0.5254409264215271, 0.5254532018152661, 0.5254653764383035, 0.5254774507799521, 0.5254894253264798, 0.525501300561136, 0.5255130769641742, 0.525524755012876, 0.5255363351815762, 0.5255478179416837, 0.5255592037617072, 0.5255704931072771, 0.5255816864411677, 0.5255927842233212, 0.5256037869108682, 0.5256146949581514, 0.525625508816746, 0.5256362289354828, 0.5256468557604689, 0.5256573897351087, 0.5256678313001256, 0.5256781808935816, 0.5256884389508997, 0.5256986059048833, 0.5257086821857356, 0.5257186682210822, 0.5257285644359875, 0.5257383712529774, 0.5257480890920572, 0.5257577183707307, 0.5257672595040213, 0.5257767129044872, 0.525786078982244, 0.5257953581449812, 0.525804550797981, 0.5258136573441364, 0.5258226781839697, 0.525831613715649, 0.5258404643350088, 0.5258492304355634, 0.5258579124085287, 0.5258665106428358, 0.5258750255251504, 0.5258834574398877, 0.525891806769232, 0.5259000738931497, 0.5259082591894089, 0.5259163630335938, 0.5259243857991214, 0.5259323278572573, 0.5259401895771322, 0.525947971325757, 0.5259556734680378, 0.5259632963667931, 0.525970840382767, 0.5259783058746457, 0.5259856931990716, 0.525993002710659, 0.5260002347620089], "MAE": [1.0282367718220802, 1.0282059646418995, 1.0281752177063763, 1.0281445308174766, 1.028113903778041, 1.0280833363917776, 1.0280528284632608, 1.0280223797979238, 1.0279919902020556, 1.0279623808513998, 1.0279332280924327, 1.0279041324623586, 1.027875093773348, 1.0278461118383992, 1.0278171864713355, 1.0277883174867968, 1.0277595047002392, 1.0277307479279285, 1.0277020469869362, 1.0276734016951368, 1.0276448118712018, 1.0276162773345974, 1.0275877979055765, 1.0275596675402905, 1.0275340983987722, 1.0275088702354314, 1.027483689336771, 1.0274585555541116, 1.0274334687393898, 1.027408428745155, 1.0273834354245666, 1.0273584886313911, 1.0273341557269338, 1.0273102209889813, 1.0272865708642502, 1.0272633460891134, 1.027240163779938, 1.0272170238040044, 1.0271939260291425, 1.027170870323731, 1.027147856556695, 1.0271248845975005, 1.0271025653395562, 1.0270804000067264, 1.0270582742880938, 1.0270361880628758, 1.0270141412107756, 1.026992133611978, 1.0269701651471492, 1.0269482356974315, 1.0269263451444448, 1.0269044933702818, 1.0268826802575073, 1.026860905689155, 1.0268391695487253, 1.0268174717201854, 1.0267958120879643, 1.026774190536952, 1.026752606952498, 1.0267310612204077]}