{"dim_0_values": [0.001, 0.790421052631579, 1.579842105263158, 2.369263157894737, 3.158684210526316, 3.948105263157895, 4.7375263157894745, 5.5269473684210535, 6.3163684210526325, 7.1057894736842115, 7.895210526315791, 8.68463157894737, 9.474052631578948, 10.263473684210526, 11.052894736842106, 11.842315789473686, 12.631736842105264, 13.421157894736842, 14.210578947368422, 15.0], "dim_0_label": "lambda", "correlation": [0.24236100912208802, 0.2428008333674235, 0.24323668790263422, 0.24366865241762406, 0.24409680401456382, 0.24452121732291898, 0.24494196460804385, 0.2453591158737481, 0.2457727389593673, 0.24618289963153867, 0.24658966167113133, 0.24699308695559685, 0.2473932355370305, 0.24779016571620585, 0.2481839341128468, 0.2485745957323242, 0.24896220402911412, 0.24934681096698236, 0.24972846707637825, 0.250107221508892], "MAE": [2.4029171328696686, 2.39777142965378, 2.392690402940053, 2.3876901537804183, 2.3827773378518966, 2.377923659410307, 2.373163172789326, 2.3684873198489536, 2.3638634093148827, 2.3593084766508037, 2.354812431189051, 2.350367470770297, 2.3460277449587883, 2.3417528496084294, 2.337545178807008, 2.3333820476208658, 2.3292610378811442, 2.325181347320985, 2.3211555227594944, 2.3171810117122775]}