{"dim_0_values": [22050.0, 22100.0, 22150.0, 22200.0, 22250.0, 22300.0, 22350.0, 22400.0, 22450.0, 22500.0, 22550.0, 22600.0, 22650.0, 22700.0, 22750.0, 22800.0, 22850.0, 22900.0, 22950.0, 23000.0, 23050.0, 23100.0, 23150.0, 23200.0, 23250.0, 23300.0, 23350.0, 23400.0, 23450.0, 23500.0, 23550.0, 23600.0, 23650.0, 23700.0, 23750.0, 23800.0, 23850.0, 23900.0, 23950.0, 24000.0, 24050.0, 24100.0, 24150.0, 24200.0, 24250.0, 24300.0, 24350.0, 24400.0, 24450.0, 24500.0, 24550.0, 24600.0, 24650.0, 24700.0, 24750.0, 24800.0, 24850.0, 24900.0, 24950.0, 25000.0], "dim_0_label": "lambda", "correlation": [0.4664535036189554, 0.4664943793940634, 0.4665350803354247, 0.46657560731092357, 0.4666159611825286, 0.466656142806343, 0.46669615303265916, 0.46673599270600846, 0.46677566266521553, 0.46681516374344506, 0.46685449676825486, 0.4668936625616446, 0.46693266194010413, 0.46697149571466273, 0.467010164690937, 0.46704866966917763, 0.4670870114443172, 0.46712519080601594, 0.4671632085387074, 0.46720106542164486, 0.467238762228945, 0.4672762997296332, 0.46731367868768686, 0.46735089986207884, 0.4673879640068215, 0.46742487187100773, 0.4674616241988537, 0.4674982217297405, 0.4675346651982555, 0.46757095533423265, 0.4676070928627929, 0.4676430785043841, 0.46767891297482067, 0.46771459698532214, 0.4677501312425525, 0.4677855164486575, 0.4678207533013031, 0.467855842493713, 0.4678907847147052, 0.46792558064872847, 0.4679602309758999, 0.46799473637203914, 0.46802909750870475, 0.4680633150532295, 0.46809738966875497, 0.4681313220142653, 0.46816511274462275, 0.4681987625105997, 0.468232271958914, 0.46826564173225954, 0.4682988724693414, 0.4683319648049071, 0.46836491936977764, 0.4683977367908817, 0.46843041769128463, 0.46846296269022125, 0.46849537240312505, 0.46852764744166053, 0.46855978841375107, 0.4685917959236115], "MAE": [1.259200825323902, 1.2591164199935472, 1.259032187812225, 1.2589481281362218, 1.2588642403253425, 1.2587805237428846, 1.2586969777556123, 1.258613601733735, 1.258530395050878, 1.2584473570840609, 1.2583644872136737, 1.2582817848234507, 1.2581992493004481, 1.258116880035021, 1.2580346764207984, 1.2579526378546608, 1.2578707637367175, 1.2577890534702834, 1.2577075064618561, 1.2576261221210958, 1.257544899860798, 1.257463839096878, 1.2573829392483444, 1.2573021997372784, 1.2572216199888149, 1.2571411994311166, 1.257060937495358, 1.2569811245144669, 1.2569028205214992, 1.256826039311506, 1.2567494078311772, 1.2566729255504556, 1.2565965919420445, 1.2565204064813884, 1.2564443686466549, 1.2563684779187145, 1.2562927337811238, 1.2562171357201068, 1.2561416832245362, 1.2560663757859154, 1.255991212898361, 1.255916194058586, 1.2558413187658792, 1.2557665865220917, 1.2556919968316171, 1.2556175492013757, 1.2555439715160719, 1.2554712326147293, 1.2553986305100393, 1.2553261647343308, 1.255254444826176, 1.255183637413029, 1.2551129624027584, 1.2550424193448464, 1.254972007791037, 1.254901727295322, 1.254831577413926, 1.2547615577052915, 1.2546921165380227, 1.2546234456070928]}