{"dim_0_values": [19050.0, 19100.0, 19150.0, 19200.0, 19250.0, 19300.0, 19350.0, 19400.0, 19450.0, 19500.0, 19550.0, 19600.0, 19650.0, 19700.0, 19750.0, 19800.0, 19850.0, 19900.0, 19950.0, 20000.0, 20050.0, 20100.0, 20150.0, 20200.0, 20250.0, 20300.0, 20350.0, 20400.0, 20450.0, 20500.0, 20550.0, 20600.0, 20650.0, 20700.0, 20750.0, 20800.0, 20850.0, 20900.0, 20950.0, 21000.0, 21050.0, 21100.0, 21150.0, 21200.0, 21250.0, 21300.0, 21350.0, 21400.0, 21450.0, 21500.0, 21550.0, 21600.0, 21650.0, 21700.0, 21750.0, 21800.0, 21850.0, 21900.0, 21950.0, 22000.0], "dim_0_label": "lambda", "correlation": [0.5230279294326535, 0.5230572359349029, 0.5230863493643542, 0.5231152708739091, 0.5231440016071722, 0.523172542698547, 0.5232008952733349, 0.5232290604478294, 0.5232570393294125, 0.523284833016647, 0.5233124425993683, 0.523339869158777, 0.5233671137675269, 0.523394177489815, 0.523421061381468, 0.5234477664900284, 0.5234742938548418, 0.5235006445071378, 0.5235268194701161, 0.5235528197590267, 0.5235786463812507, 0.5236043003363813, 0.5236297826163023, 0.5236550942052653, 0.523680236079968, 0.5237052092096283, 0.5237300145560605, 0.5237546530737496, 0.5237791257099231, 0.5238034334046248, 0.5238275770907848, 0.5238515576942907, 0.5238753761340562, 0.5238990333220913, 0.5239225301635689, 0.5239458675568921, 0.5239690463937603, 0.523992067559235, 0.5240149319318048, 0.5240376403834471, 0.5240601937796939, 0.5240825929796913, 0.524104838836264, 0.5241269321959732, 0.5241488738991785, 0.5241706647800966, 0.5241923056668595, 0.5242137973815735, 0.5242351407403748, 0.5242563365534885, 0.5242773856252814, 0.5242982887543192, 0.5243190467334216, 0.5243396603497138, 0.5243601303846827, 0.5243804576142269, 0.5244006428087103, 0.5244206867330136, 0.5244405901465843, 0.524460353803488], "MAE": [1.033682122110559, 1.0336184695945254, 1.033554970852418, 1.0334916252551187, 1.033428956578542, 1.033366505042116, 1.0333045637600566, 1.0332443448754616, 1.0331845645339763, 1.033125103883522, 1.0330657829354795, 1.0330066011362604, 1.0329475579352794, 1.032888652784936, 1.0328298851405944, 1.0327712544605638, 1.0327127602060786, 1.0326544018412795, 1.032597391419895, 1.032541260437898, 1.0324862989497487, 1.032431463769816, 1.0323767544103175, 1.0323221703860364, 1.032267711214305, 1.0322152973994057, 1.0321631163465468, 1.0321110534189835, 1.0320591081710253, 1.0320072801592552, 1.0319555689425175, 1.031903974081903, 1.031852495140736, 1.0318011316845597, 1.031749980122755, 1.0316992416453634, 1.031648615570214, 1.0315981014814317, 1.031547698965217, 1.0314974229998901, 1.031447589540307, 1.0313978640725567, 1.0313482462052774, 1.0312987355490137, 1.0312505315428788, 1.0312033608261955, 1.0311562918360064, 1.0311093242056282, 1.0310624575701486, 1.0310156915664168, 1.0309690258330335, 1.0309224600103413, 1.030875993740413, 1.0308296266670463, 1.0307833584357486, 1.0307371886937313, 1.0306911170898978, 1.0306451432748363, 1.030599266900808, 1.0305543439843436]}