{"dim_0_values": [175.0, 203.44827586206895, 231.89655172413794, 260.34482758620686, 288.7931034482759, 317.2413793103448, 345.6896551724138, 374.1379310344828, 402.58620689655174, 431.0344827586207, 459.48275862068965, 487.9310344827586, 516.3793103448276, 544.8275862068965, 573.2758620689656, 601.7241379310344, 630.1724137931035, 658.6206896551723, 687.0689655172414, 715.5172413793103, 743.9655172413793, 772.4137931034483, 800.8620689655172, 829.3103448275862, 857.7586206896551, 886.2068965517241, 914.655172413793, 943.1034482758621, 971.551724137931, 1000.0], "dim_0_label": "lambda", "correlation": [0.29692603361094344, 0.302111767159431, 0.3068093633262197, 0.31109843899991607, 0.3150406037305169, 0.3186845525910681, 0.3220694610053721, 0.3252273245019423, 0.32818461686588307, 0.3309634933912945, 0.3335826820218327, 0.3360581551845579, 0.3384036442925849, 0.34063103929347205, 0.3427507028488699, 0.344771720186112, 0.3467020998354052, 0.3485489364185037, 0.350318543795675, 0.3520165648275247, 0.35364806251779113, 0.35521759620567867, 0.35672928565893036, 0.3581868653033683, 0.3595937303566022, 0.36095297627448547, 0.36226743264077804, 0.3635396924135289, 0.36477213727103597, 0.3659669596651224], "MAE": [1.9303795795936582, 1.8961829013854756, 1.8664481750873974, 1.8405643198235444, 1.8178093130684836, 1.7971121626183704, 1.7782762404918564, 1.7613299557985043, 1.74596031585334, 1.7317356485070636, 1.7185602959527666, 1.7061961629231142, 1.6945305615630948, 1.6835456135714153, 1.6731645098796235, 1.6635330337990777, 1.6544174472895545, 1.6457302342646092, 1.6374379744490404, 1.6296659279489234, 1.6223505495232862, 1.615460091383052, 1.6089907102345338, 1.6027917858390364, 1.596865612536305, 1.5912321523837047, 1.5858359746840138, 1.5805984524977799, 1.5755629446073636, 1.570699367489967]}