{"dim_0_values": [0.001, 0.790421052631579, 1.579842105263158, 2.369263157894737, 3.158684210526316, 3.948105263157895, 4.7375263157894745, 5.5269473684210535, 6.3163684210526325, 7.1057894736842115, 7.895210526315791, 8.68463157894737, 9.474052631578948, 10.263473684210526, 11.052894736842106, 11.842315789473686, 12.631736842105264, 13.421157894736842, 14.210578947368422, 15.0], "dim_0_label": "lambda", "correlation": [0.27013301417032115, 0.27056024279937396, 0.27098172993896275, 0.27139762670478, 0.2718080785298488, 0.27221322544015747, 0.2726132023139975, 0.2730081391260323, 0.2733981611772207, 0.27378338931157314, 0.2741639401205835, 0.27453992613622036, 0.27491145601318734, 0.2752786347012044, 0.27564156360789677, 0.2760003407529412, 0.2763550609140326, 0.2767058157651075, 0.27705269400745486, 0.2773957814939444], "MAE": [4.42129468252294, 4.412822886098141, 4.404503833106736, 4.396327020906421, 4.388245030027343, 4.38028317699212, 4.372472222573414, 4.364804068578543, 4.357241077310393, 4.349772471999999, 4.342438145456297, 4.335232415687708, 4.328103145905263, 4.321048787788919, 4.314067839589183, 4.307167181934577, 4.300370836519302, 4.293643266974726, 4.287006944488332, 4.280487043919986]}