{"dim_0_values": [16050.0, 16100.0, 16150.0, 16200.0, 16250.0, 16300.0, 16350.0, 16400.0, 16450.0, 16500.0, 16550.0, 16600.0, 16650.0, 16700.0, 16750.0, 16800.0, 16850.0, 16900.0, 16950.0, 17000.0, 17050.0, 17100.0, 17150.0, 17200.0, 17250.0, 17300.0, 17350.0, 17400.0, 17450.0, 17500.0, 17550.0, 17600.0, 17650.0, 17700.0, 17750.0, 17800.0, 17850.0, 17900.0, 17950.0, 18000.0, 18050.0, 18100.0, 18150.0, 18200.0, 18250.0, 18300.0, 18350.0, 18400.0, 18450.0, 18500.0, 18550.0, 18600.0, 18650.0, 18700.0, 18750.0, 18800.0, 18850.0, 18900.0, 18950.0, 19000.0], "dim_0_label": "lambda", "correlation": [0.45821901869007575, 0.4582758261727644, 0.45833230805329056, 0.4583884666476299, 0.45844430424905436, 0.4584998231284189, 0.45855502553444505, 0.45860991369399934, 0.45866448981236746, 0.458718756073525, 0.45877271464040276, 0.45882636765514856, 0.458879717239386, 0.4589327654944674, 0.45898551450172453, 0.4590379663227143, 0.45909012299946234, 0.4591419865547007, 0.4591935589921045, 0.4592448422965221, 0.4592958384342056, 0.4593465493530334, 0.4593969769827337, 0.4594471232351018, 0.45949699000421584, 0.4595465791666478, 0.4595958925816736, 0.4596449320914778, 0.4596936995213566, 0.45974219667991795, 0.4597904253592785, 0.459838387335257, 0.45988608436756606, 0.4599335182000008, 0.4599806905606239, 0.4600276031619494, 0.46007425770112326, 0.4601206558601003, 0.46016679930582105, 0.4602126896903834, 0.46025832865121385, 0.46030371781123486, 0.4603488587790317, 0.4603937531490145, 0.4604384025015801, 0.46048280840327066, 0.4605269724069308, 0.460570896051861, 0.4606145808639712, 0.46065802835592967, 0.4607012400273123, 0.4607442173647481, 0.46078696184206364, 0.46082947492042475, 0.4608717580484773, 0.46091381266248505, 0.46095564018646595, 0.46099724203232756, 0.4610386195999988, 0.4610797742775615], "MAE": [2.5968524538079536, 2.596643101222117, 2.596434437451259, 2.596228190097606, 2.59602497261032, 2.5958224140572166, 2.595620510519647, 2.5954192581133317, 2.5952186529879544, 2.595019196500917, 2.594822160516564, 2.5946257453620785, 2.5944299474287353, 2.5942347631388416, 2.5940401889453795, 2.593846221331658, 2.59365285681097, 2.593460091926249, 2.5932679232497393, 2.593076347382659, 2.592885360954882, 2.5926949606246112, 2.592505143078066, 2.5923159050291686, 2.5921272432192346, 2.591939154416675, 2.5917516354166894, 2.591564683040979, 2.591378294137448, 2.591192465579923, 2.5910071942678665, 2.5908224771260975, 2.590638311104519, 2.590454693177841, 2.5902746799202694, 2.5900995191297045, 2.589924878502323, 2.5897507551804813, 2.5895771463296904, 2.5894040491383663, 2.5892316709446397, 2.5890613204608686, 2.588891466997506, 2.588722107866561, 2.5885542535387396, 2.588390154998214, 2.5882265299044587, 2.5880633757217018, 2.5879006899341586, 2.587738470045825, 2.5875767135802725, 2.5874154180804463, 2.587254581108463, 2.587094200245415, 2.586934273091175, 2.586774797264204, 2.5866157704013615, 2.586457190157715, 2.5862990542063606, 2.5861413602382335]}