{"dim_0_values": [28050.0, 28100.0, 28150.0, 28200.0, 28250.0, 28300.0, 28350.0, 28400.0, 28450.0, 28500.0, 28550.0, 28600.0, 28650.0, 28700.0, 28750.0, 28800.0, 28850.0, 28900.0, 28950.0, 29000.0, 29050.0, 29100.0, 29150.0, 29200.0, 29250.0, 29300.0, 29350.0, 29400.0, 29450.0, 29500.0, 29550.0, 29600.0, 29650.0, 29700.0, 29750.0, 29800.0, 29850.0, 29900.0, 29950.0, 30000.0, 30050.0, 30100.0, 30150.0, 30200.0, 30250.0, 30300.0, 30350.0, 30400.0, 30450.0, 30500.0, 30550.0, 30600.0, 30650.0, 30700.0, 30750.0, 30800.0, 30850.0, 30900.0, 30950.0, 31000.0, 31050.0, 31100.0, 31150.0, 31200.0, 31250.0, 31300.0, 31350.0, 31400.0, 31450.0, 31500.0, 31550.0, 31600.0, 31650.0, 31700.0, 31750.0, 31800.0, 31850.0, 31900.0, 31950.0, 32000.0, 32050.0, 32100.0, 32150.0, 32200.0, 32250.0, 32300.0, 32350.0, 32400.0, 32450.0, 32500.0, 32550.0, 32600.0, 32650.0, 32700.0, 32750.0, 32800.0, 32850.0, 32900.0, 32950.0, 33000.0, 33050.0, 33100.0, 33150.0, 33200.0, 33250.0, 33300.0, 33350.0, 33400.0, 33450.0, 33500.0, 33550.0, 33600.0, 33650.0, 33700.0, 33750.0, 33800.0, 33850.0, 33900.0, 33950.0, 34000.0], "dim_0_label": "lambda", "correlation": [0.46586245362264733, 0.4658781607866678, 0.4658937822019968, 0.4659093182508981, 0.4659247693134005, 0.46594013576731447, 0.46595541798824847, 0.46597061634962544, 0.4659857312226992, 0.4660007629765703, 0.4660157119782019, 0.4660305785924361, 0.4660453631820089, 0.46606006610756595, 0.4660746877276782, 0.4660892283988569, 0.46610368847556877, 0.46611806831025093, 0.46613236825332527, 0.46614658865321446, 0.4661607298563546, 0.46617479220721164, 0.46618877604829423, 0.46620268172016865, 0.4662165095614725, 0.46623025990892847, 0.4662439330973589, 0.4662575294596991, 0.4662710493270102, 0.46628449302849384, 0.4662978608915044, 0.4663111532415628, 0.46632437040236974, 0.46633751269581786, 0.46635058044200567, 0.4663635739592496, 0.4663764935640966, 0.46638933957133716, 0.4664021122940177, 0.4664148120434519, 0.46642743912923434, 0.46643999385925206, 0.46645247653969557, 0.4664648874750725, 0.46647722696821814, 0.46648949532030726, 0.46650169283086673, 0.46651381979778545, 0.4665258765173267, 0.4665378632841397, 0.46654978039127, 0.46656162813017094, 0.4665734067907149, 0.46658511666120417, 0.4665967580283813, 0.4666083311774402, 0.4666198363920368, 0.4666312739543, 0.46664264414484125, 0.4666539472427653, 0.46666518352568087, 0.46667635326971085, 0.46668745674950135, 0.4666984942382331, 0.46670946600763097, 0.46672037232797337, 0.46673121346810253, 0.46674198969543385, 0.46675270127596646, 0.46676334847429124, 0.4667739315536015, 0.466784450775702, 0.4667949064010181, 0.4668052986886057, 0.4668156278961588, 0.4668258942800208, 0.4668360980951916, 0.46684623959533766, 0.4668563190328005, 0.4668663366586052, 0.46687629272247005, 0.4668861874728139, 0.4668960211567662, 0.4669057940201742, 0.4669155063076118, 0.46692515826238873, 0.46693475012655805, 0.46694428214092404, 0.46695375454505134, 0.46696316757727274, 0.4669725214746967, 0.4669818164732164, 0.46699105280751607, 0.46700023071108054, 0.4670093504162021, 0.46701841215398826, 0.46702741615436966, 0.46703636264610765, 0.46704525185680185, 0.46705408401289744, 0.4670628593396928, 0.4670715780613465, 0.46708024040088575, 0.46708884658021166, 0.467097396820109, 0.46710589134025055, 0.4671143303592068, 0.46712271409445105, 0.4671310427623675, 0.4671393165782576, 0.46714753575634727, 0.4671557005097933, 0.46716381105069094, 0.46717186759007945, 0.4671798703379497, 0.4671878195032506, 0.4671957152938952, 0.4672035579167675, 0.4672113475777292, 0.4672190844816258], "MAE": [2.5686682926007633, 2.5686138543679444, 2.5685605081518865, 2.5685072583061785, 2.5684541045061633, 2.5684010464288085, 2.5683480837527024, 2.5682952161580386, 2.56824244332661, 2.5681897649417893, 2.5681390487062767, 2.568092555111047, 2.568048382242143, 2.5680042872087068, 2.5679602697480504, 2.5679163295988108, 2.5678724665009374, 2.5678286801956833, 2.5677849704256, 2.567741336934524, 2.567697779467573, 2.5676542977711345, 2.567610891592858, 2.567567560681648, 2.567524304787654, 2.5674811236622643, 2.5674380170580955, 2.567394984728986, 2.5673520264299903, 2.5673091419173653, 2.567266330948568, 2.5672235932822463, 2.567180928678228, 2.5671383368975187, 2.5670958177022905, 2.567053370855873, 2.567010996122752, 2.5669686932685574, 2.5669264620600534, 2.56688430226514, 2.566842213652836, 2.5668001959932782, 2.5667582490577123, 2.5667163726184863, 2.5666745664490414, 2.5666328303239085, 2.566591164018698, 2.566549567310097, 2.566508039975857, 2.5664665817947934, 2.5664251925467725, 2.5663838720127106, 2.566342619974564, 2.5663014362153223, 2.566260320519005, 2.5662192726706516, 2.5661782924563163, 2.566137379663065, 2.5660965340789628, 2.566055755493072, 2.5660150436954465, 2.5659743984771213, 2.5659338196301134, 2.5658933069474075, 2.5658528602229573, 2.565812479251673, 2.565772163829424, 2.565731913753023, 2.565691728820227, 2.565651608829729, 2.565611553581156, 2.565573913402689, 2.5655370768075647, 2.5655002970615053, 2.565463573993758, 2.5654269074343476, 2.5653902972140714, 2.5653537431644944, 2.5653172451179445, 2.5652808029075067, 2.565244416367021, 2.565208085331078, 2.5651718096350113, 2.5651356600042092, 2.5651005445131263, 2.565065483895449, 2.565030477985804, 2.5649955266195645, 2.564960629632848, 2.5649257868625126, 2.5648909981461485, 2.5648562633220786, 2.5648222210856635, 2.564789049441809, 2.5647559278600607, 2.5647228561920583, 2.5646912819891905, 2.5646606656561772, 2.564630095244099, 2.564599570615928, 2.564569091635258, 2.5645386581662977, 2.564508270073867, 2.564477927223393, 2.5644476294809087, 2.564417376713048, 2.5643871687870416, 2.5643570055707148, 2.5643268869324807, 2.564296812741344, 2.564266782866889, 2.5642367971792805, 2.5642068555492616, 2.564176957848146, 2.5641471039478194, 2.564117293720734, 2.564087527039904, 2.564057803778904, 2.5640281238118647, 2.5639984870134716]}