{"dim_0_values": [13050.0, 13100.0, 13150.0, 13200.0, 13250.0, 13300.0, 13350.0, 13400.0, 13450.0, 13500.0, 13550.0, 13600.0, 13650.0, 13700.0, 13750.0, 13800.0, 13850.0, 13900.0, 13950.0, 14000.0, 14050.0, 14100.0, 14150.0, 14200.0, 14250.0, 14300.0, 14350.0, 14400.0, 14450.0, 14500.0, 14550.0, 14600.0, 14650.0, 14700.0, 14750.0, 14800.0, 14850.0, 14900.0, 14950.0, 15000.0, 15050.0, 15100.0, 15150.0, 15200.0, 15250.0, 15300.0, 15350.0, 15400.0, 15450.0, 15500.0, 15550.0, 15600.0, 15650.0, 15700.0, 15750.0, 15800.0, 15850.0, 15900.0, 15950.0, 16000.0], "dim_0_label": "lambda", "correlation": [0.5473237896377403, 0.5473621503838517, 0.5474001585201242, 0.5474378170963439, 0.5474751291255425, 0.5475120975845823, 0.5475487254147312, 0.5475850155222232, 0.5476209707788111, 0.5476565940223069, 0.5476918880571116, 0.5477268556547341, 0.5477614995543031, 0.5477958224630642, 0.5478298270568717, 0.5478635159806697, 0.5478968918489622, 0.5479299572462774, 0.54796271472762, 0.5479951668189189, 0.5480273160174614, 0.5480591647923241, 0.5480907155847928, 0.5481219708087767, 0.5481529328512105, 0.5481836040724567, 0.5482139868066925, 0.5482440833622958, 0.5482738960222195, 0.5483034270443624, 0.5483326786619321, 0.5483616530838002, 0.5483903524948531, 0.5484187790563356, 0.5484469349061877, 0.548474822159377, 0.5485024429082243, 0.5485297992227219, 0.5485568931508499, 0.5485837267188832, 0.548610301931696, 0.54863662077306, 0.5486626852059342, 0.5486884971727582, 0.5487140585957294, 0.5487393713770845, 0.5487644373993719, 0.5487892585257182, 0.5488138366000955, 0.5488381734475787, 0.5488622708746009, 0.5488861306692046, 0.5489097546012872, 0.5489331444228455, 0.5489563018682126, 0.5489792286542919, 0.5490019264807889, 0.5490243970304375, 0.5490466419692228, 0.5490686629466013], "MAE": [1.1216274449979202, 1.121514156557295, 1.1214012083914446, 1.1212885986401977, 1.121176325458057, 1.1210643870140498, 1.1209527814915794, 1.120841507088279, 1.120730562015865, 1.1206199444999994, 1.120509751458599, 1.1204027279743471, 1.1202981995681198, 1.1201939711999636, 1.1200900413001713, 1.1199864083108695, 1.1198830706859018, 1.119780026890714, 1.119677275402244, 1.119574814708808, 1.119472643309991, 1.1193707597165397, 1.1192691624502524, 1.1191678500438749, 1.1190668210409946, 1.1189660739959364, 1.1188656074736614, 1.1187654200496644, 1.118665510309874, 1.1185658768505542, 1.1184665182782045, 1.1183674332094669, 1.1182686202710257, 1.1181700780995165, 1.118071805341431, 1.1179738006530249, 1.1178763561503333, 1.117779779635548, 1.1176847272470256, 1.1175899471506554, 1.1174967343654258, 1.117405350381879, 1.1173154540842105, 1.1172259853450215, 1.1171375053976218, 1.1170492563868435, 1.1169612372209263, 1.11687344681542, 1.1167858840931204, 1.1166985479840086, 1.1166114374251914, 1.1165245513608415, 1.1164378887421376, 1.1163514485272052, 1.1162652296810607, 1.116179231175552, 1.1160940962904315, 1.116010101613266, 1.1159263164509976, 1.1158427398551372]}