{"dim_0_values": [19050.0, 19100.0, 19150.0, 19200.0, 19250.0, 19300.0, 19350.0, 19400.0, 19450.0, 19500.0, 19550.0, 19600.0, 19650.0, 19700.0, 19750.0, 19800.0, 19850.0, 19900.0, 19950.0, 20000.0, 20050.0, 20100.0, 20150.0, 20200.0, 20250.0, 20300.0, 20350.0, 20400.0, 20450.0, 20500.0, 20550.0, 20600.0, 20650.0, 20700.0, 20750.0, 20800.0, 20850.0, 20900.0, 20950.0, 21000.0, 21050.0, 21100.0, 21150.0, 21200.0, 21250.0, 21300.0, 21350.0, 21400.0, 21450.0, 21500.0, 21550.0, 21600.0, 21650.0, 21700.0, 21750.0, 21800.0, 21850.0, 21900.0, 21950.0, 22000.0], "dim_0_label": "lambda", "correlation": [0.5500449636606599, 0.5500557535433, 0.5500663975629723, 0.5500768966427426, 0.5500872516980584, 0.5500974636368315, 0.5501075333595187, 0.5501174617592005, 0.5501272497216603, 0.5501368981254632, 0.5501464078420316, 0.5501557797357198, 0.5501650146638905, 0.5501741134769874, 0.5501830770186074, 0.5501919061255731, 0.5502006016280037, 0.5502091643493835, 0.5502175951066324, 0.5502258947101726, 0.5502340639639971, 0.5502421036657349, 0.5502500146067165, 0.550257797572039, 0.5502654533406295, 0.5502729826853086, 0.5502803863728513, 0.5502876651640501, 0.5502948198137743, 0.5503018510710291, 0.5503087596790175, 0.550315546375196, 0.550322211891333, 0.5503287569535656, 0.5503351822824566, 0.5503414885930481, 0.5503476765949186, 0.5503537469922357, 0.5503597004838087, 0.5503655377631432, 0.5503712595184931, 0.5503768664329107, 0.5503823591842978, 0.5503877384454577, 0.5503930048841426, 0.5503981591631045, 0.5504032019401416, 0.5504081338681477, 0.55041295559516, 0.5504176677644038, 0.5504222710143402, 0.5504267659787104, 0.5504311532865831, 0.550435433562396, 0.5504396074260022, 0.5504436754927122, 0.550447638373338, 0.5504514966742342, 0.5504552509973413, 0.5504589019402261], "MAE": [1.1116749161734452, 1.1116215638751132, 1.111568715930171, 1.11151996011654, 1.111471650920053, 1.1114234271023642, 1.111375470762532, 1.1113276424285377, 1.111279899461118, 1.1112322416031226, 1.1111866116446212, 1.1111435509973524, 1.111100833358037, 1.111058187396005, 1.1110156129193647, 1.1109731097366333, 1.1109306776567387, 1.1108883164890238, 1.1108460260432498, 1.110803806129602, 1.1107616565586913, 1.1107195771415577, 1.1106775676896754, 1.1106356280149543, 1.1105937579297438, 1.1105521021566962, 1.1105108185751287, 1.1104696033375212, 1.1104284562600142, 1.1103873771591906, 1.1103463658520791, 1.1103054221561552, 1.1102645458893454, 1.1102237368700285, 1.110182994917037, 1.1101423198496623, 1.110101711487653, 1.1100611696512197, 1.1100206941610349, 1.109980284838237, 1.10993994150443, 1.109899663981687, 1.1098594520925487, 1.1098193056600303, 1.1097792245076168, 1.1097392084592692, 1.1096992573394227, 1.10965937097299, 1.1096195491853613, 1.109579791802406, 1.109540098650473, 1.1095004695563926, 1.109460904347477, 1.1094214028515217, 1.1093824647482402, 1.1093449671487288, 1.1093077620453342, 1.1092716577297907, 1.1092359498158002, 1.1092002951995708]}