{"dim_0_values": [10050.0, 10100.0, 10150.0, 10200.0, 10250.0, 10300.0, 10350.0, 10400.0, 10450.0, 10500.0, 10550.0, 10600.0, 10650.0, 10700.0, 10750.0, 10800.0, 10850.0, 10900.0, 10950.0, 11000.0, 11050.0, 11100.0, 11150.0, 11200.0, 11250.0, 11300.0, 11350.0, 11400.0, 11450.0, 11500.0, 11550.0, 11600.0, 11650.0, 11700.0, 11750.0, 11800.0, 11850.0, 11900.0, 11950.0, 12000.0, 12050.0, 12100.0, 12150.0, 12200.0, 12250.0, 12300.0, 12350.0, 12400.0, 12450.0, 12500.0, 12550.0, 12600.0, 12650.0, 12700.0, 12750.0, 12800.0, 12850.0, 12900.0, 12950.0, 13000.0], "dim_0_label": "lambda", "correlation": [0.44310293585408717, 0.44316866849152026, 0.44323363317008524, 0.4432978394732197, 0.4433612968276608, 0.44342401450667185, 0.4434860016331899, 0.44354726718289483, 0.44360781998720134, 0.4436676687361792, 0.4437268219814007, 0.4437852881387187, 0.44384307549097757, 0.44390019219065907, 0.4439566462624623, 0.4440124456058249, 0.4440675979973825, 0.44412211109336835, 0.44417599243195904, 0.44422924943556313, 0.44428188941305524, 0.4443339195619614, 0.4443853469705885, 0.4444361786201097, 0.44448642138659705, 0.44453608204301104, 0.4445851672611425, 0.44463368361351024, 0.4446816375752173, 0.44472903552576315, 0.4447758837508171, 0.44482218844394955, 0.4448679557083272, 0.4449131915583684, 0.44495790192136336, 0.44500209263905754, 0.44504576946920066, 0.445088938087062, 0.44513160408691216, 0.4451737729834728, 0.4452154502133356, 0.44525664113634966, 0.4452973510369799, 0.44533758512563587, 0.4453773485399719, 0.44541664634616174, 0.445455483540143, 0.44549386504883853, 0.4455317957313488, 0.4455692803801239, 0.4456063237221058, 0.44564293041985115, 0.44567910507262914, 0.4457148522174965, 0.44575017633035097, 0.44578508182696264, 0.445819573063986, 0.44585365433994834, 0.44588732989622154, 0.44592060391797145], "MAE": [5.374779753395651, 5.374394782579594, 5.374011826837348, 5.373630865895555, 5.373251879777259, 5.37287484879628, 5.372499753551721, 5.372126574922608, 5.371755294062638, 5.371385892395068, 5.3710183516077095, 5.370652653648031, 5.370288780718384, 5.36992671527133, 5.36956644000508, 5.369207937859016, 5.368851192009339, 5.368496185864797, 5.36814308773088, 5.367803368867713, 5.367467183548057, 5.3671330772027375, 5.366800547188135, 5.366471512866953, 5.3661514854271735, 5.365832965941437, 5.365515940522707, 5.365200395470558, 5.364886317267932, 5.364573692577955, 5.364263411573774, 5.3639615386863975, 5.363661028525189, 5.363361868952061, 5.363064047987513, 5.362767553807944, 5.362480375130193, 5.362213502761105, 5.3619611553196735, 5.361709852473747, 5.361476939313354, 5.361247966420848, 5.361019915169648, 5.360792778000116, 5.3605665474447255, 5.360341216126606, 5.360116776758103, 5.35989322213938, 5.359670545157035, 5.359448738782742, 5.359227796071938, 5.359007710162512, 5.35878847427353, 5.358570081703985, 5.358352525831573, 5.358135800111473, 5.3579265296144785, 5.357720724224611, 5.357516096371096, 5.357312253717085]}