{"dim_0_values": [175.0, 203.44827586206895, 231.89655172413794, 260.34482758620686, 288.7931034482759, 317.2413793103448, 345.6896551724138, 374.1379310344828, 402.58620689655174, 431.0344827586207, 459.48275862068965, 487.9310344827586, 516.3793103448276, 544.8275862068965, 573.2758620689656, 601.7241379310344, 630.1724137931035, 658.6206896551723, 687.0689655172414, 715.5172413793103, 743.9655172413793, 772.4137931034483, 800.8620689655172, 829.3103448275862, 857.7586206896551, 886.2068965517241, 914.655172413793, 943.1034482758621, 971.551724137931, 1000.0], "dim_0_label": "lambda", "correlation": [0.3129404790721678, 0.3170783937982464, 0.32088158025468183, 0.3244021472273297, 0.32768007488176687, 0.33074686419718535, 0.33362788053781234, 0.33634392027256516, 0.3389122941730877, 0.3413475986757429, 0.34366227882339706, 0.3458670481639006, 0.34797120794905834, 0.3499828938677023, 0.3519092696036646, 0.3537566806899151, 0.3555307782520583, 0.35723661959425934, 0.35887875074812137, 0.3604612748104823, 0.36198790896682537, 0.36346203241997765, 0.36488672694396157, 0.366264811409155, 0.36759887134240715, 0.36889128436977026, 0.37014424222293035, 0.37135976986059616, 0.37253974215419833, 0.3736858985065614], "MAE": [7.028721601408208, 6.936740754936903, 6.858920329602384, 6.789894588277158, 6.727700680999067, 6.671753679410585, 6.6212971026352845, 6.574998729217698, 6.5325198282904955, 6.493565698415644, 6.457507796140242, 6.423852528829907, 6.392235649382738, 6.362685462110306, 6.3344870217614115, 6.307559308211795, 6.282584006410904, 6.259295928555383, 6.237170837341584, 6.216125322426827, 6.195818976908701, 6.1765388096257885, 6.157917958451713, 6.139891881526146, 6.122684135379744, 6.1061023721664895, 6.090645055445402, 6.075800362958733, 6.061567734565016, 6.047759510297134]}