{"dim_0_values": [28050.0, 28100.0, 28150.0, 28200.0, 28250.0, 28300.0, 28350.0, 28400.0, 28450.0, 28500.0, 28550.0, 28600.0, 28650.0, 28700.0, 28750.0, 28800.0, 28850.0, 28900.0, 28950.0, 29000.0, 29050.0, 29100.0, 29150.0, 29200.0, 29250.0, 29300.0, 29350.0, 29400.0, 29450.0, 29500.0, 29550.0, 29600.0, 29650.0, 29700.0, 29750.0, 29800.0, 29850.0, 29900.0, 29950.0, 30000.0, 30050.0, 30100.0, 30150.0, 30200.0, 30250.0, 30300.0, 30350.0, 30400.0, 30450.0, 30500.0, 30550.0, 30600.0, 30650.0, 30700.0, 30750.0, 30800.0, 30850.0, 30900.0, 30950.0, 31000.0, 31050.0, 31100.0, 31150.0, 31200.0, 31250.0, 31300.0, 31350.0, 31400.0, 31450.0, 31500.0, 31550.0, 31600.0, 31650.0, 31700.0, 31750.0, 31800.0, 31850.0, 31900.0, 31950.0, 32000.0, 32050.0, 32100.0, 32150.0, 32200.0, 32250.0, 32300.0, 32350.0, 32400.0, 32450.0, 32500.0, 32550.0, 32600.0, 32650.0, 32700.0, 32750.0, 32800.0, 32850.0, 32900.0, 32950.0, 33000.0, 33050.0, 33100.0, 33150.0, 33200.0, 33250.0, 33300.0, 33350.0, 33400.0, 33450.0, 33500.0, 33550.0, 33600.0, 33650.0, 33700.0, 33750.0, 33800.0, 33850.0, 33900.0, 33950.0, 34000.0], "dim_0_label": "lambda", "correlation": [0.47031373578278285, 0.4703385119382926, 0.47036318633545526, 0.4703877593917261, 0.4704122315222859, 0.47043660314005775, 0.4704608746557223, 0.4704850464777341, 0.4705091190123369, 0.4705330926635791, 0.4705569678333296, 0.4705807449212922, 0.4706044243250215, 0.4706280064399377, 0.4706514916593407, 0.4706748803744257, 0.4706981729742979, 0.4707213698459859, 0.4707444713744569, 0.47076747794263074, 0.47079038993139394, 0.47081320771961344, 0.47083593168415105, 0.4708585621998764, 0.47088109963968106, 0.47090354437449183, 0.4709258967732844, 0.4709481572030968, 0.47097032602904115, 0.4709924036143186, 0.4710143903202313, 0.4710362865061951, 0.47105809252975267, 0.4710798087465857, 0.4711014355105283, 0.47112297317357804, 0.47114442208590956, 0.47116578259588565, 0.4711870550500704, 0.47120823979324034, 0.4712293371683968, 0.47125034751677763, 0.4712712711778687, 0.4712921084894159, 0.4713128597874363, 0.47133352540622964, 0.47135410567838965, 0.47137460093481537, 0.47139501150472246, 0.4714153377156536, 0.4714355798934902, 0.4714557383624629, 0.4714758134451622, 0.47149580546254927, 0.47151571473396714, 0.47153554157715016, 0.4715552863082353, 0.47157494924177207, 0.47159453069073237, 0.47161403096652244, 0.4716334503789905, 0.4716527892364388, 0.4716720478456319, 0.47169122651180845, 0.471710325538689, 0.4717293452284876, 0.4717482858819189, 0.47176714779821116, 0.4717859312751124, 0.4718046366089014, 0.47182326409439773, 0.47184181402496933, 0.4718602866925426, 0.4718786823876113, 0.47189700139924634, 0.47191524401510354, 0.47193341052143295, 0.4719515012030884, 0.47196951634353534, 0.47198745622485955, 0.47200532112777666, 0.4720231113316398, 0.47204082711444856, 0.47205846875285706, 0.47207603652218305, 0.47209353069641513, 0.47211095154822175, 0.4721282993489593, 0.47214557436868, 0.4721627768761396, 0.47217990713880686, 0.47219696542286915, 0.47221395199324245, 0.47223086711357787, 0.47224771104627017, 0.4722644840524645, 0.47228118639206534, 0.47229781832374257, 0.47231438010494026, 0.4723308719918834, 0.47234729423958544, 0.47236364710185597, 0.47237993083130725, 0.47239614567936267, 0.4724122918962623, 0.4724283697310718, 0.47244437943168766, 0.47246032124484627, 0.4724761954161287, 0.4724920021899691, 0.47250774180966154, 0.4725234145173659, 0.4725390205541154, 0.4725545601598229, 0.4725700335732881, 0.47258544103220346, 0.4726007827731615, 0.4726160590316605, 0.47263127004211153, 0.4726464160378449], "MAE": [1.2510031138026998, 1.2509515480840459, 1.2509000645556294, 1.2508486629814435, 1.2507973431264745, 1.2507461047566952, 1.250694947639061, 1.2506444977443167, 1.2505955015846681, 1.2505465835457266, 1.2504977434019036, 1.250448980928568, 1.2504010165764134, 1.2503537686187776, 1.2503065970233174, 1.250259501566697, 1.2502124820265406, 1.2501655381814245, 1.2501186698108742, 1.2500718766953574, 1.2500251586162798, 1.2499788974758057, 1.249932889019112, 1.2498869534486405, 1.2498410905563395, 1.249795300135023, 1.24974958197837, 1.2497053476942384, 1.2496614733301794, 1.2496176669788615, 1.2495739284499388, 1.2495302575538403, 1.249486654101769, 1.2494439030649533, 1.2494013892176081, 1.24935893992708, 1.2493165550171734, 1.249274234312391, 1.249231977637929, 1.2491897848196745, 1.2491476556842007, 1.2491061191709196, 1.2490646830389944, 1.249024158105798, 1.2489848674041901, 1.248946334439599, 1.2489078584743165, 1.248869439358149, 1.2488310769414726, 1.2487927710752282, 1.248754689116314, 1.2487166931317957, 1.2486787523288487, 1.2486408665660174, 1.24860303570236, 1.2485652595974508, 1.2485275381113743, 1.2484898711047248, 1.248452258438602, 1.2484146999746124, 1.248377195574863, 1.2483397451019609, 1.2483023484190117, 1.2482654525986336, 1.2482287389681077, 1.2481920773812256, 1.2481554677081588, 1.2481189098195375, 1.2480824035864486, 1.2480459488804345, 1.2480095455734894, 1.2479731935380596, 1.2479368926470398, 1.2479006427737718, 1.2478644437920423, 1.2478282955760807, 1.2477921980005582, 1.2477561509405843, 1.2477201542717067, 1.2476842078699077, 1.2476483116116037, 1.247612465373642, 1.2475766690332994, 1.2475409224682812, 1.247505225556718, 1.247469578177164, 1.2474339802085974, 1.2473984315304143, 1.247362932022431, 1.24732748156488, 1.247292080038409, 1.2472567273240776, 1.247221423303358, 1.2471861678581313, 1.247150960870686, 1.247115802223717, 1.2470806918003237, 1.2470456294840069, 1.2470106151586688, 1.2469756487086106, 1.24694073001853, 1.246905858973521, 1.2468710354590713, 1.2468362593610596, 1.2468015305657563, 1.2467668489598207, 1.2467322144302975, 1.2466976268646182, 1.2466630861505972, 1.2466285921764315, 1.2465941448306985, 1.2465597440023541, 1.2465253895807313, 1.2464910814555392, 1.2464568195168595, 1.2464226036551482, 1.2463884337612299, 1.2463543097263003, 1.246320231441921, 1.2462861988000213]}