{"dim_0_values": [1050.0, 1100.0, 1150.0, 1200.0, 1250.0, 1300.0, 1350.0, 1400.0, 1450.0, 1500.0, 1550.0, 1600.0, 1650.0, 1700.0, 1750.0, 1800.0, 1850.0, 1900.0, 1950.0, 2000.0], "dim_0_label": "lambda", "correlation": [0.3679818294889739, 0.36989652244999816, 0.3717196866639355, 0.3734589347035284, 0.3751210001200653, 0.37671186564035697, 0.3782368689638633, 0.3797007906879401, 0.38110792785657494, 0.38246215585610055, 0.3837669807983167, 0.3850255840868789, 0.3862408605206712, 0.3874154510224554, 0.38855177087345105, 0.38965203417094885, 0.39071827509631724, 0.3917523664771044, 0.3927560360437112, 0.39373088071380064], "MAE": [1.5625648396695833, 1.554835813130559, 1.5475299065715755, 1.5406086670062615, 1.5340545149829043, 1.5278336996231487, 1.5219256431648267, 1.5162570588959388, 1.5108145950262206, 1.5055993442134317, 1.5006833896418075, 1.495971232243848, 1.4914141056367138, 1.4870398028853216, 1.4828027837961018, 1.478692432851638, 1.4747182497073863, 1.4708763380521686, 1.4671930630386585, 1.4636609849809499]}