{"dim_0_values": [4050.0, 4100.0, 4150.0, 4200.0, 4250.0, 4300.0, 4350.0, 4400.0, 4450.0, 4500.0, 4550.0, 4600.0, 4650.0, 4700.0, 4750.0, 4800.0, 4850.0, 4900.0, 4950.0, 5000.0, 5050.0, 5100.0, 5150.0, 5200.0, 5250.0, 5300.0, 5350.0, 5400.0, 5450.0, 5500.0, 5550.0, 5600.0, 5650.0, 5700.0, 5750.0, 5800.0, 5850.0, 5900.0, 5950.0, 6000.0, 6050.0, 6100.0, 6150.0, 6200.0, 6250.0, 6300.0, 6350.0, 6400.0, 6450.0, 6500.0, 6550.0, 6600.0, 6650.0, 6700.0, 6750.0, 6800.0, 6850.0, 6900.0, 6950.0, 7000.0], "dim_0_label": "lambda", "correlation": [0.4207989825894095, 0.42121752124427525, 0.421629918235389, 0.4220363209984002, 0.4224368719094337, 0.4228317085111228, 0.4232209637262089, 0.42360476605953024, 0.42398323978914043, 0.42435650514725337, 0.42472467849165546, 0.4250878724681839, 0.4254461961648196, 0.4257997552579094, 0.42614865215099346, 0.4264929861066852, 0.42683285337201005, 0.42716834729759134, 0.4274995584510427, 0.42782657472489666, 0.4281494814393865, 0.4284683614403685, 0.4287832951926592, 0.42909436086904107, 0.4294016344351766, 0.4297051897306519, 0.4300050985463597, 0.4303014306984183, 0.4305942540988115, 0.4308836348229164, 0.43116963717409146, 0.4314523237454649, 0.4317317554790781, 0.43200799172251025, 0.4322810902831169, 0.43255110747999737, 0.4328180981938071, 0.43308211591451845, 0.4333432127872323, 0.4336014396561337, 0.43385684610667913, 0.4341094805061034, 0.4343593900423216, 0.43460662076130546, 0.4348512176030003, 0.435093224435855, 0.4353326840900254, 0.4355696383893125, 0.43580412818189185, 0.43603619336989063, 0.436265872937861, 0.436493204980199, 0.4367182267275577, 0.4369409745722957, 0.43716148409300265, 0.43737979007814376, 0.43759592654885976, 0.43780992678095676, 0.438021823326121, 0.43823164803239256], "MAE": [2.7651841465407565, 2.762913072248787, 2.760685771235145, 2.758488605441504, 2.7563388562068067, 2.7542210457443304, 2.752138787118488, 2.7500927125882626, 2.74807354009983, 2.746097865300025, 2.744144141825046, 2.7422402280833214, 2.740363968535161, 2.7385218565015825, 2.736710068931952, 2.7349171352841366, 2.7331487530646297, 2.731424128038897, 2.729729227920462, 2.728062769199726, 2.726422882841605, 2.7248118912199515, 2.7232208334988885, 2.7216450247819703, 2.720084190361734, 2.718552413603548, 2.717046230821576, 2.7155539507134954, 2.7140753324448306, 2.712610443820703, 2.7111845005387347, 2.7097969493099665, 2.7084374660557, 2.7071056347525038, 2.705786417160092, 2.704478667260156, 2.7031821986206257, 2.7018968293088554, 2.7006303556209814, 2.6993798208956687, 2.698146569827695, 2.6969476380823725, 2.6957708254845327, 2.6946166120294066, 2.6934826812453054, 2.692370230698895, 2.6912664667451556, 2.690171261797928, 2.68908449106477, 2.6880060324654775, 2.6869357665535643, 2.6858803301628877, 2.6848344562213624, 2.683796394873992, 2.6827660366194523, 2.681760175636236, 2.6807828734530514, 2.6798317984463114, 2.6788895400249753, 2.677953964947291]}