{"dim_0_values": [2050.0, 2100.0, 2150.0, 2200.0, 2250.0, 2300.0, 2350.0, 2400.0, 2450.0, 2500.0, 2550.0, 2600.0, 2650.0, 2700.0, 2750.0, 2800.0, 2850.0, 2900.0, 2950.0, 3000.0, 3050.0, 3100.0, 3150.0, 3200.0, 3250.0, 3300.0, 3350.0, 3400.0, 3450.0, 3500.0, 3550.0, 3600.0, 3650.0, 3700.0, 3750.0, 3800.0, 3850.0, 3900.0, 3950.0, 4000.0], "dim_0_label": "lambda", "correlation": [0.39467837918293563, 0.39559990305525056, 0.39649672671129366, 0.39737003607990956, 0.3982209364559682, 0.39905045948486273, 0.39985956941728706, 0.4006491687231549, 0.4014201031412109, 0.40217316623048316, 0.402909103480891, 0.40362861603281597, 0.40433236404903133, 0.4050209697769094, 0.4056950203341044, 0.4063550702468533, 0.40700164376654885, 0.4076352369871944, 0.4082563197837295, 0.40886533758891963, 0.40946271302452414, 0.4100488474006992, 0.4106241220960707, 0.4111888998295837, 0.4117435258340385, 0.4122883289402057, 0.4128236225794788, 0.4133497057122314, 0.4138668636883071, 0.414375369045454, 0.4148754822509369, 0.4153674523910551, 0.41585151781285395, 0.4163279067219044, 0.41679683773967546, 0.4172585204236939, 0.41771315575340406, 0.4181609365843709, 0.4186020480732514, 0.4190366680757262], "MAE": [1.4602556635107835, 1.456965567727969, 1.453758126043702, 1.45064986273767, 1.447655524497192, 1.4447343689491814, 1.4419128712255715, 1.4391865289753565, 1.4365615482269383, 1.4340010776704053, 1.4314958494068242, 1.4290375210803674, 1.4266228679644066, 1.4242701017406074, 1.4219579206808914, 1.4197041323896322, 1.4174946134045874, 1.4153455834286583, 1.413240360383585, 1.4112136548763727, 1.40922812157516, 1.4072721079368178, 1.4053485640075187, 1.4034842521880169, 1.4016818944638043, 1.3999365119459124, 1.398228322116185, 1.3965576656155696, 1.3949132346613855, 1.3932921676714887, 1.3916918373444587, 1.3901117309678106, 1.3885535024771547, 1.3870361183964186, 1.3855480548389296, 1.384078016985054, 1.3826255840257764, 1.3811969422427064, 1.3798247657838032, 1.3784833356223902]}