{"dim_0_values": [28050.0, 28100.0, 28150.0, 28200.0, 28250.0, 28300.0, 28350.0, 28400.0, 28450.0, 28500.0, 28550.0, 28600.0, 28650.0, 28700.0, 28750.0, 28800.0, 28850.0, 28900.0, 28950.0, 29000.0, 29050.0, 29100.0, 29150.0, 29200.0, 29250.0, 29300.0, 29350.0, 29400.0, 29450.0, 29500.0, 29550.0, 29600.0, 29650.0, 29700.0, 29750.0, 29800.0, 29850.0, 29900.0, 29950.0, 30000.0, 30050.0, 30100.0, 30150.0, 30200.0, 30250.0, 30300.0, 30350.0, 30400.0, 30450.0, 30500.0, 30550.0, 30600.0, 30650.0, 30700.0, 30750.0, 30800.0, 30850.0, 30900.0, 30950.0, 31000.0, 31050.0, 31100.0, 31150.0, 31200.0, 31250.0, 31300.0, 31350.0, 31400.0, 31450.0, 31500.0, 31550.0, 31600.0, 31650.0, 31700.0, 31750.0, 31800.0, 31850.0, 31900.0, 31950.0, 32000.0, 32050.0, 32100.0, 32150.0, 32200.0, 32250.0, 32300.0, 32350.0, 32400.0, 32450.0, 32500.0, 32550.0, 32600.0, 32650.0, 32700.0, 32750.0, 32800.0, 32850.0, 32900.0, 32950.0, 33000.0, 33050.0, 33100.0, 33150.0, 33200.0, 33250.0, 33300.0, 33350.0, 33400.0, 33450.0, 33500.0, 33550.0, 33600.0, 33650.0, 33700.0, 33750.0, 33800.0, 33850.0, 33900.0, 33950.0, 34000.0], "dim_0_label": "lambda", "correlation": [0.5260073897037221, 0.5260144678844154, 0.5260214696507349, 0.5260283953473711, 0.5260352453170712, 0.526042019900656, 0.5260487194370301, 0.526055344263199, 0.5260618947142803, 0.5260683711235183, 0.5260747738222972, 0.5260811031401535, 0.5260873594047913, 0.5260935429420919, 0.5260996540761302, 0.5261056931291848, 0.5261116604217527, 0.5261175562725595, 0.5261233809985743, 0.5261291349150204, 0.5261348183353882, 0.526140431571447, 0.5261459749332573, 0.5261514487291827, 0.5261568532659011, 0.5261621888484178, 0.5261674557800744, 0.5261726543625641, 0.52617778489594, 0.5261828476786273, 0.5261878430074353, 0.5261927711775674, 0.5261976324826331, 0.5262024272146582, 0.5262071556640957, 0.5262118181198372, 0.5262164148692227, 0.526220946198051, 0.5262254123905922, 0.5262298137295955, 0.5262341504963007, 0.5262384229704488, 0.5262426314302906, 0.5262467761525988, 0.5262508574126769, 0.5262548754843682, 0.5262588306400674, 0.5262627231507292, 0.5262665532858776, 0.5262703213136168, 0.5262740275006395, 0.5262776721122363, 0.5262812554123062, 0.5262847776633642, 0.5262882391265522, 0.5262916400616463, 0.5262949807270669, 0.5262982613798878, 0.5263014822758444, 0.526304643669343, 0.5263077458134695, 0.5263107889599972, 0.5263137733593969, 0.5263166992608437, 0.5263195669122278, 0.5263223765601597, 0.5263251284499814, 0.5263278228257731, 0.5263304599303616, 0.5263330400053297, 0.5263355632910214, 0.5263380300265526, 0.5263404404498178, 0.5263427947974989, 0.5263450933050708, 0.5263473362068128, 0.5263495237358119, 0.526351656123974, 0.5263537336020295, 0.5263557563995417, 0.5263577247449137, 0.5263596388653964, 0.5263614989870945, 0.5263633053349757, 0.5263650581328763, 0.5263667576035091, 0.5263684039684702, 0.5263699974482464, 0.5263715382622218, 0.5263730266286847, 0.526374462764835, 0.5263758468867903, 0.5263771792095936, 0.5263784599472185, 0.5263796893125781, 0.5263808675175292, 0.5263819947728811, 0.5263830712883999, 0.5263840972728169, 0.5263850729338336, 0.5263859984781296, 0.5263868741113671, 0.5263877000381982, 0.5263884764622714, 0.5263892035862374, 0.5263898816117547, 0.5263905107394963, 0.5263910911691555, 0.5263916230994532, 0.5263921067281407, 0.5263925422520092, 0.5263929298668931, 0.526393269767677, 0.5263935621483012, 0.5263938072017678, 0.5263940051201449, 0.5263941560945748, 0.5263942603152774, 0.5263943179715562, 0.5263943292518048], "MAE": [1.0267095532269408, 1.0266880828588112, 1.026666650003182, 1.0266452545476648, 1.026623896380318, 1.0266031170686416, 1.0265826414176165, 1.0265622016207354, 1.0265417975702456, 1.0265214291588254, 1.026501180507772, 1.0264811919452574, 1.0264612385959984, 1.0264413203538352, 1.026421437113034, 1.0264015887682858, 1.0263825525893218, 1.0263635985629893, 1.0263446778200696, 1.0263257902606884, 1.0263069357853696, 1.0262881142950337, 1.0262693256909947, 1.026250569874961, 1.026231846749031, 1.0262136186739894, 1.0261967474557359, 1.026179905590172, 1.026163092990388, 1.0261463095698125, 1.0261295552422112, 1.0261128299216853, 1.0260961335226697, 1.0260794659599328, 1.026062827148573, 1.0260462170040188, 1.0260296354420262, 1.0260130823786788, 1.0259965577303847, 1.0259800614138759, 1.0259635933462068, 1.0259471534447524, 1.0259307416272072, 1.0259143578115837, 1.025898001916211, 1.0258816738597332, 1.0258653735611083, 1.0258491009396067, 1.025832855914809, 1.025816638406607, 1.0258004483351986, 1.0257842856210897, 1.025768150185092, 1.02575204194832, 1.0257359608321914, 1.0257205047459506, 1.0257055317106594, 1.025690583463091, 1.025675659932743, 1.0256607610493753, 1.0256458867430103, 1.0256310369439308, 1.0256162115826777, 1.025601410590052, 1.0255866338971111, 1.0255718814351684, 1.0255581248794066, 1.0255446920421534, 1.02553128055715, 1.0255178903657178, 1.0255045214093874, 1.0254911736298955, 1.0254778469691854, 1.025464541369406, 1.0254512567729097, 1.025437993122254, 1.0254247503601983, 1.025411528429705, 1.0253984543580934, 1.0253856044412177, 1.0253727756143647, 1.025359967817677, 1.025347180991518, 1.025334415076472, 1.0253216700133432, 1.0253089457431543, 1.0252962422071463, 1.0252835593467762, 1.0252708971037183, 1.025258255419861, 1.025245634237308, 1.0252330334983746, 1.0252204531455904, 1.0252078931216961, 1.0251953533696418, 1.0251828338325892, 1.0251703344539078, 1.0251578551771752, 1.0251453959461765, 1.0251329567049028, 1.025120537397551, 1.025108137968522, 1.0250957583624207, 1.025083398524055, 1.0250710583984346, 1.0250587379307703, 1.0250464370664731, 1.0250341557511538, 1.0250218939306215, 1.025009651550883, 1.024997428558143, 1.0249852248988003, 1.0249730405194513, 1.0249608753668848, 1.0249487293880855, 1.0249366025302287, 1.0249244947406833, 1.0249124059670087, 1.0249003361569546, 1.024888285258461]}