{"dim_0_values": [15.0, 22.105263157894736, 29.210526315789473, 36.31578947368421, 43.421052631578945, 50.526315789473685, 57.631578947368425, 64.73684210526315, 71.84210526315789, 78.94736842105263, 86.05263157894737, 93.15789473684211, 100.26315789473685, 107.36842105263159, 114.47368421052632, 121.57894736842105, 128.68421052631578, 135.78947368421052, 142.89473684210526, 150.0], "dim_0_label": "lambda", "correlation": [0.250107221508892, 0.2533931383323034, 0.2564779990933748, 0.2593864522038974, 0.2621385732568603, 0.2647509739720622, 0.2672375879650496, 0.26961024103067865, 0.2718790738393023, 0.2740528611315191, 0.2761392567877104, 0.2781449848034193, 0.2800759901146864, 0.2819375591631601, 0.28373441733475147, 0.28547080849807416, 0.2871505605256814, 0.2887771397210341, 0.2903536963776755, 0.2918831031859231], "MAE": [2.3171810117122775, 2.2832812533604145, 2.2525362036908847, 2.2247550598809243, 2.1994032628218148, 2.1761441745215455, 2.1545839056480536, 2.134633507743137, 2.115894292792767, 2.09836889782341, 2.0818140218474, 2.0661262255839072, 2.0512797910984055, 2.037116447214664, 2.0236201835884096, 2.010779126439415, 1.998523038319873, 1.9868981442656173, 1.975734952475523, 1.964984978164276]}