{"dim_0_values": [34050.0, 34100.0, 34150.0, 34200.0, 34250.0, 34300.0, 34350.0, 34400.0, 34450.0, 34500.0, 34550.0, 34600.0, 34650.0, 34700.0, 34750.0, 34800.0, 34850.0, 34900.0, 34950.0, 35000.0, 35050.0, 35100.0, 35150.0, 35200.0, 35250.0, 35300.0, 35350.0, 35400.0, 35450.0, 35500.0, 35550.0, 35600.0, 35650.0, 35700.0, 35750.0, 35800.0, 35850.0, 35900.0, 35950.0, 36000.0, 36050.0, 36100.0, 36150.0, 36200.0, 36250.0, 36300.0, 36350.0, 36400.0, 36450.0, 36500.0, 36550.0, 36600.0, 36650.0, 36700.0, 36750.0, 36800.0, 36850.0, 36900.0, 36950.0, 37000.0, 37050.0, 37100.0, 37150.0, 37200.0, 37250.0, 37300.0, 37350.0, 37400.0, 37450.0, 37500.0, 37550.0, 37600.0, 37650.0, 37700.0, 37750.0, 37800.0, 37850.0, 37900.0, 37950.0, 38000.0, 38050.0, 38100.0, 38150.0, 38200.0, 38250.0, 38300.0, 38350.0, 38400.0, 38450.0, 38500.0, 38550.0, 38600.0, 38650.0, 38700.0, 38750.0, 38800.0, 38850.0, 38900.0, 38950.0, 39000.0, 39050.0, 39100.0, 39150.0, 39200.0, 39250.0, 39300.0, 39350.0, 39400.0, 39450.0, 39500.0, 39550.0, 39600.0, 39650.0, 39700.0, 39750.0, 39800.0, 39850.0, 39900.0, 39950.0, 40000.0, 40050.0, 40100.0, 40150.0, 40200.0, 40250.0, 40300.0, 40350.0, 40400.0, 40450.0, 40500.0, 40550.0, 40600.0, 40650.0, 40700.0, 40750.0, 40800.0, 40850.0, 40900.0, 40950.0, 41000.0, 41050.0, 41100.0, 41150.0, 41200.0, 41250.0, 41300.0, 41350.0, 41400.0, 41450.0, 41500.0, 41550.0, 41600.0, 41650.0, 41700.0, 41750.0, 41800.0, 41850.0, 41900.0, 41950.0, 42000.0, 42050.0, 42100.0, 42150.0, 42200.0, 42250.0, 42300.0, 42350.0, 42400.0, 42450.0, 42500.0, 42550.0, 42600.0, 42650.0, 42700.0, 42750.0, 42800.0, 42850.0, 42900.0, 42950.0, 43000.0, 43050.0, 43100.0, 43150.0, 43200.0, 43250.0, 43300.0, 43350.0, 43400.0, 43450.0, 43500.0, 43550.0, 43600.0, 43650.0, 43700.0, 43750.0, 43800.0, 43850.0, 43900.0, 43950.0, 44000.0, 44050.0, 44100.0, 44150.0, 44200.0, 44250.0, 44300.0, 44350.0, 44400.0, 44450.0, 44500.0, 44550.0, 44600.0, 44650.0, 44700.0, 44750.0, 44800.0, 44850.0, 44900.0, 44950.0, 45000.0, 45050.0, 45100.0, 45150.0, 45200.0, 45250.0, 45300.0, 45350.0, 45400.0, 45450.0, 45500.0, 45550.0, 45600.0, 45650.0, 45700.0, 45750.0, 45800.0, 45850.0, 45900.0, 45950.0, 46000.0], "dim_0_label": "lambda", "correlation": [0.46722676883229275, 0.467234400832562, 0.46724198068426864, 0.4672495085882564, 0.4672569847443842, 0.46726440935153235, 0.46727178260760854, 0.46727910470955347, 0.46728637585334765, 0.4672935962340167, 0.46730076604563736, 0.46730788548134355, 0.4673149547333318, 0.4673219739928677, 0.4673289434502904, 0.46733586329502014, 0.46734273371556145, 0.4673495548995113, 0.4673563270335626, 0.467363050303511, 0.4673697248942597, 0.467376350989825, 0.4673829287733421, 0.4673894584270697, 0.46739594013239555, 0.46740237406984275, 0.4674087604190729, 0.46741509935889364, 0.46742139106726177, 0.46742763572128965, 0.46743383349724976, 0.46743998457058017, 0.4674460891158886, 0.4674521473069583, 0.4674581593167529, 0.4674641253174208, 0.4674700454803005, 0.46747591997592497, 0.46748174897402667, 0.46748753264354315, 0.4674932711526197, 0.4674989646686162, 0.46750461335811033, 0.46751021738690307, 0.4675157769200228, 0.4675212921217297, 0.4675267631555211, 0.4675321901841349, 0.46753757336955465, 0.4675429128730142, 0.46754820885500087, 0.4675534614752615, 0.46755867089280606, 0.4675638372659106, 0.46756896075212456, 0.4675740415082714, 0.46757907969045587, 0.4675840754540664, 0.4675890289537798, 0.46759394034356533, 0.4675988097766889, 0.4676036374057168, 0.46760842338252046, 0.4676131678582791, 0.4676178709834854, 0.4676225329079478, 0.46762715378079633, 0.4676317337504841, 0.4676362729647932, 0.46764077157083767, 0.46764522971506733, 0.46764964754327165, 0.4676540252005836, 0.46765836283148327, 0.46766266057980144, 0.4676669185887238, 0.46767113700079366, 0.4676753159579167, 0.4676794556013636, 0.4676835560717744, 0.46768761750916127, 0.46769164005291286, 0.4676956238417971, 0.4676995690139652, 0.4677034757069547, 0.46770734405769326, 0.4677111742025019, 0.4677149662770983, 0.4677187204166001, 0.4677224367555289, 0.4677261154278128, 0.4677297565667896, 0.46773336030521134, 0.46773692677524575, 0.46774045610848103, 0.46774394843592804, 0.46774740388802394, 0.4677508225946355, 0.4677542046850619, 0.46775755028803795, 0.46776085953173724, 0.46776413254377525, 0.4677673694512121, 0.46777057038055625, 0.467773735457767, 0.4677768648082576, 0.4677799585568979, 0.46778301682801837, 0.4677860397454117, 0.4677890274323365, 0.4677919800115203, 0.46779489760516185, 0.4677977803349345, 0.4678006283219888, 0.4678034416869554, 0.46780622054994775, 0.46780896503056524, 0.4678116752478952, 0.46781435132051696, 0.46781699336650284, 0.46781960150342244, 0.46782217584834446, 0.46782471651783997, 0.4678272236279839, 0.46782969729435964, 0.4678321376320598, 0.4678345447556897, 0.4678369187793699, 0.46783925981673846, 0.46784156798095444, 0.46784384338469887, 0.46784608614017875, 0.467848296359129, 0.4678504741528145, 0.46785261963203306, 0.46785473290711826, 0.46785681408794105, 0.46785886328391285, 0.4678608806039875, 0.467862866156664, 0.4678648200499887, 0.46786674239155784, 0.4678686332885196, 0.4678704928475767, 0.467872321174989, 0.46787411837657483, 0.4678758845577146, 0.4678776198233521, 0.46787932427799694, 0.46788099802572714, 0.46788264117019107, 0.4678842538146101, 0.46788583606177997, 0.46788738801407387, 0.46788890977344405, 0.46789040144142446, 0.46789186311913233, 0.4678932949072708, 0.4678946969061307, 0.4678960692155932, 0.4678974119351311, 0.46789872516381165, 0.4679000090002983, 0.4679012635428527, 0.4679024888893369, 0.46790368513721536, 0.467904852383557, 0.4679059907250371, 0.46790710025793936, 0.46790818107815807, 0.4679092332811995, 0.4679102569621845, 0.4679112522158506, 0.467912219136553, 0.46791315781826726, 0.4679140683545911, 0.46791495083874607, 0.46791580536357985, 0.46791663202156775, 0.46791743090481447, 0.46791820210505664, 0.4679189457136639, 0.467919661821641, 0.46792035051962994, 0.46792101189791135, 0.4679216460464065, 0.4679222530546792, 0.467922833011937, 0.46792338600703387, 0.46792391212847106, 0.4679244114643997, 0.46792488410262184, 0.4679253301305924, 0.4679257496354209, 0.4679261427038735, 0.46792650942237396, 0.4679268498770061, 0.467927164153515, 0.4679274523373085, 0.4679277145134596, 0.46792795076670757, 0.46792816118145936, 0.46792834584179177, 0.4679285048314528, 0.4679286382338633, 0.4679287461321186, 0.46792882860898977, 0.4679288857469258, 0.4679289176280545, 0.46792892433418476, 0.4679289059468078, 0.46792886254709815, 0.4679287942159163, 0.46792870103380896, 0.4679285830810118, 0.46792844043745024, 0.4679282731827405, 0.46792808139619285, 0.4679278651568107, 0.46792762454329395, 0.4679273596340399, 0.467927070507144, 0.46792675724040245, 0.4679264199113125, 0.46792605859707526, 0.4679256733745954, 0.4679252643204842, 0.4679248315110596, 0.4679243750223486, 0.4679238949300885, 0.4679233913097274, 0.46792286423642654, 0.46792231378506144, 0.46792174003022297, 0.46792114304621907, 0.46792052290707536, 0.4679198796865377, 0.4679192134580728, 0.4679185242948688, 0.4679178122698381],