{"dim_0_values": [4050.0, 4100.0, 4150.0, 4200.0, 4250.0, 4300.0, 4350.0, 4400.0, 4450.0, 4500.0, 4550.0, 4600.0, 4650.0, 4700.0, 4750.0, 4800.0, 4850.0, 4900.0, 4950.0, 5000.0, 5050.0, 5100.0, 5150.0, 5200.0, 5250.0, 5300.0, 5350.0, 5400.0, 5450.0, 5500.0, 5550.0, 5600.0, 5650.0, 5700.0, 5750.0, 5800.0, 5850.0, 5900.0, 5950.0, 6000.0, 6050.0, 6100.0, 6150.0, 6200.0, 6250.0, 6300.0, 6350.0, 6400.0, 6450.0, 6500.0, 6550.0, 6600.0, 6650.0, 6700.0, 6750.0, 6800.0, 6850.0, 6900.0, 6950.0, 7000.0], "dim_0_label": "lambda", "correlation": [0.4194649675194196, 0.41988711075364094, 0.420303255877641, 0.4207135550489284, 0.421118154773067, 0.42151719617625744, 0.4219108152619039, 0.4222991431522697, 0.4226823063162351, 0.42306042678410083, 0.42343362235029613, 0.4238020067647952, 0.4241656899139776, 0.42452477799161786, 0.42487937366063616, 0.4252295762061947, 0.4255754816806882, 0.42591718304112786, 0.4262547702793894, 0.426588330545763, 0.4269179482662074, 0.4272437052536836, 0.4275656808139266, 0.42788395184597344, 0.428198592937759, 0.4285096764570627, 0.42881727263807146, 0.4291214496638085, 0.42942227374465775, 0.4297198091932081, 0.43001411849561155, 0.43030526237965366, 0.43059329987971284, 0.4308782883987709, 0.43116028376764376, 0.43143934030156533, 0.4317155108542757, 0.4319888468697367, 0.4322593984315993, 0.4325272143105394, 0.4327923420095673, 0.43305482780741616, 0.43331471680010525, 0.4335720529407649, 0.4338268790778154, 0.43407923699157197, 0.43432916742936234, 0.4345767101392168, 0.4348219039022112, 0.435064786563515, 0.43530539506221616, 0.43554376545997114, 0.43577993296854023, 0.436013931976257, 0.4362457960734812, 0.4364755580770819, 0.43670325005399274, 0.4369289033438836, 0.4371525485809847, 0.4373742157151035], "MAE": [1.3771614295884251, 1.3758619007499124, 1.3745768396215554, 1.3733059368773248, 1.3720525777281478, 1.3708317903924403, 1.3696299999573036, 1.368448870586636, 1.3672908446957739, 1.3661595489736869, 1.365042884070832, 1.3639511099131896, 1.3628700575407142, 1.3618068958181004, 1.3607551717525053, 1.3597193318388772, 1.3587050136876042, 1.3577001185627664, 1.356704477834519, 1.3557179274165287, 1.3547403076021711, 1.3537714629081044, 1.3528168612685463, 1.3518731046838985, 1.3509456741159713, 1.350032598707189, 1.349127251205741, 1.348230632900561, 1.3473520497447713, 1.3464920166055203, 1.3456463161686243, 1.3448198954854016, 1.3440141918601887, 1.3432148054828277, 1.3424216407042449, 1.3416353472249147, 1.3408645904205458, 1.340101872341289, 1.339345581182038, 1.3386029702185147, 1.33786968161309, 1.337149363530776, 1.3364342745284303, 1.335731964170611, 1.3350359145100335, 1.3343448045152404, 1.333658566585597, 1.3329812717469376, 1.3323190483836582, 1.331664507418809, 1.331025364327425, 1.3303917072810962, 1.3297623205069327, 1.3291371484153272, 1.3285170458886333, 1.3279193811871763, 1.3273316352717888, 1.3267476757326149, 1.3261686216185344, 1.3255959086026183]}