{"dim_0_values": [10050.0, 10100.0, 10150.0, 10200.0, 10250.0, 10300.0, 10350.0, 10400.0, 10450.0, 10500.0, 10550.0, 10600.0, 10650.0, 10700.0, 10750.0, 10800.0, 10850.0, 10900.0, 10950.0, 11000.0, 11050.0, 11100.0, 11150.0, 11200.0, 11250.0, 11300.0, 11350.0, 11400.0, 11450.0, 11500.0, 11550.0, 11600.0, 11650.0, 11700.0, 11750.0, 11800.0, 11850.0, 11900.0, 11950.0, 12000.0, 12050.0, 12100.0, 12150.0, 12200.0, 12250.0, 12300.0, 12350.0, 12400.0, 12450.0, 12500.0, 12550.0, 12600.0, 12650.0, 12700.0, 12750.0, 12800.0, 12850.0, 12900.0, 12950.0, 13000.0], "dim_0_label": "lambda", "correlation": [0.4480520785660724, 0.4481757206719112, 0.44829843585142515, 0.44842023408016285, 0.4485411251827675, 0.44866111883593746, 0.4487802245713161, 0.44889845177831106, 0.4490158097068476, 0.44913230747005545, 0.449247954046892, 0.44936275828470384, 0.449476728901729, 0.44958987448953913, 0.44970220351542606, 0.449813724324733, 0.4499244451431312, 0.45003437407884506, 0.4501435191248268, 0.4502518881608799, 0.45035948895573685, 0.45046632916908796, 0.4505724163535652, 0.4506777579566831, 0.45078236132273375, 0.4508862336946418, 0.4509893822157788, 0.45109181393173414, 0.4511935357920537, 0.451294554651933, 0.4513948772738797, 0.4514945103293365, 0.45159346040027093, 0.4516917339807305, 0.4517893374783635, 0.45188627721590996, 0.45198255943265825, 0.45207819028587387, 0.4521731758521942, 0.45226752212899884, 0.4523612350357473, 0.45245432041529177, 0.45254678403516047, 0.45263863158881557, 0.45272986869688736, 0.45282050090837783, 0.45291053370184614, 0.4529999724865652, 0.453088822603657, 0.45317708932720496, 0.4532647778653437, 0.453351893361327, 0.45343844089457425, 0.4535244254816972, 0.45360985207750437, 0.4536947255759892, 0.45377905081129444, 0.45386283255866117, 0.45394607553535765, 0.4540287844015909], "MAE": [2.6355974999086795, 2.635094693461769, 2.634594493561625, 2.6341076372887464, 2.6336327143955285, 2.633161299568113, 2.632692208939855, 2.6322254213580747, 2.631760915954756, 2.631298672141457, 2.63083866960432, 2.6303808882992015, 2.6299308944269395, 2.6294838947652783, 2.629043320721628, 2.628609591317162, 2.6281821314052203, 2.6277566982076785, 2.6273332740694473, 2.626911841562568, 2.626492383482326, 2.626074882843448, 2.625659322876376, 2.6252456870236274, 2.624833958936225, 2.62442412247021, 2.624016161683218, 2.6236100608311377, 2.6232058043648285, 2.6228040661931327, 2.6224074082789506, 2.6220131446713, 2.621621762690679, 2.6212396437494596, 2.620860913682397, 2.620483855200017, 2.620108454822453, 2.6197346992301456, 2.6193625752613117, 2.618992069909461, 2.618623170320954, 2.618255863792621, 2.617890137769415, 2.6175259798421195, 2.617163377745095, 2.616803530605561, 2.616446372078854, 2.6160932353496915, 2.6157416083203597, 2.6153914792581436, 2.6150559176310115, 2.6147240176120756, 2.614394013466925, 2.614065391896728, 2.6137403873026614, 2.6134220046915533, 2.613105269672288, 2.612789840983319, 2.612475708907475, 2.612162863833535]}