{"dim_0_values": [22050.0, 22100.0, 22150.0, 22200.0, 22250.0, 22300.0, 22350.0, 22400.0, 22450.0, 22500.0, 22550.0, 22600.0, 22650.0, 22700.0, 22750.0, 22800.0, 22850.0, 22900.0, 22950.0, 23000.0, 23050.0, 23100.0, 23150.0, 23200.0, 23250.0, 23300.0, 23350.0, 23400.0, 23450.0, 23500.0, 23550.0, 23600.0, 23650.0, 23700.0, 23750.0, 23800.0, 23850.0, 23900.0, 23950.0, 24000.0, 24050.0, 24100.0, 24150.0, 24200.0, 24250.0, 24300.0, 24350.0, 24400.0, 24450.0, 24500.0, 24550.0, 24600.0, 24650.0, 24700.0, 24750.0, 24800.0, 24850.0, 24900.0, 24950.0, 25000.0], "dim_0_label": "lambda", "correlation": [0.5504624500961237, 0.5504658960539769, 0.550469240398477, 0.5504724837101029, 0.550475626565161, 0.5504786695358228, 0.5504816131901634, 0.5504844580922001, 0.5504872048019283, 0.5504898538753595, 0.550492405864558, 0.550494861317676, 0.5504972207789893, 0.5504994847889333, 0.5505016538841381, 0.5505037285974613, 0.5505057094580241, 0.5505075969912435, 0.5505093917188658, 0.5505110941590013, 0.5505127048261539, 0.5505142242312557, 0.550515652881698, 0.5505169912813627, 0.5505182399306535, 0.5505193993265269, 0.5505204699625229, 0.5505214523287941, 0.5505223469121368, 0.5505231541960197, 0.5505238746606133, 0.5505245087828186, 0.5505250570362954, 0.5505255198914919, 0.5505258978156703, 0.5505261912729364, 0.5505264007242657, 0.5505265266275317, 0.5505265694375304, 0.55052652960601, 0.5505264075816935, 0.5505262038103078, 0.5505259187346068, 0.5505255527943977, 0.5505251064265667, 0.5505245800651037, 0.550523974141125, 0.5505232890828999, 0.5505225253158736, 0.5505216832626915, 0.5505207633432214, 0.5505197659745794, 0.5505186915711496, 0.5505175405446097, 0.5505163133039523, 0.5505150102555079, 0.5505136318029654, 0.5505121783473959, 0.5505106502872738, 0.5505090480184979], "MAE": [1.1091646937539976, 1.1091291453521928, 1.1090938159219894, 1.1090589925469463, 1.109024823747962, 1.1089921503357791, 1.1089595218757604, 1.10892693827618, 1.1088943994453286, 1.1088619052915178, 1.1088294557230844, 1.108797050648394, 1.1087646899758448, 1.1087323736138717, 1.1087001014709503, 1.1086685870067499, 1.1086379373597868, 1.1086073272633252, 1.1085767566467088, 1.1085462254392004, 1.1085157335699882, 1.1084855906942808, 1.1084562198180996, 1.1084277521487593, 1.1083993776651828, 1.108371038756574, 1.1083427353565265, 1.1083144673986278, 1.1082862348164626, 1.108258037543614, 1.1082298755136681, 1.1082017486602171, 1.1081736569168605, 1.1081456002172099, 1.1081175784948891, 1.1080895916835394, 1.1080616397168204, 1.1080337225284136, 1.1080058400520245, 1.1079779922213848, 1.1079501789702546, 1.1079227325511631, 1.1078958771480105, 1.1078690530317081, 1.1078422601510018, 1.107815498454584, 1.1077887678910965, 1.107762068409134, 1.1077353999572466, 1.107708762483941, 1.1076827230286626, 1.107657599660799, 1.1076325040345176, 1.1076074361088704, 1.1075823958428277, 1.107557383195282, 1.1075323981250502, 1.1075074405908751, 1.107482510551431, 1.1074576079653229]}