{"dim_0_values": [10050.0, 10100.0, 10150.0, 10200.0, 10250.0, 10300.0, 10350.0, 10400.0, 10450.0, 10500.0, 10550.0, 10600.0, 10650.0, 10700.0, 10750.0, 10800.0, 10850.0, 10900.0, 10950.0, 11000.0, 11050.0, 11100.0, 11150.0, 11200.0, 11250.0, 11300.0, 11350.0, 11400.0, 11450.0, 11500.0, 11550.0, 11600.0, 11650.0, 11700.0, 11750.0, 11800.0, 11850.0, 11900.0, 11950.0, 12000.0, 12050.0, 12100.0, 12150.0, 12200.0, 12250.0, 12300.0, 12350.0, 12400.0, 12450.0, 12500.0, 12550.0, 12600.0, 12650.0, 12700.0, 12750.0, 12800.0, 12850.0, 12900.0, 12950.0, 13000.0], "dim_0_label": "lambda", "correlation": [0.5127663960647625, 0.5128671606142902, 0.5129671376811699, 0.5130663356455305, 0.5131647627581442, 0.5132624271430678, 0.5133593368002276, 0.513455499607931, 0.5135509233253182, 0.513645615594753, 0.513739583944151, 0.5138328357892561, 0.5139253784358538, 0.5140172190819365, 0.5141083648198105, 0.5141988226381571, 0.5142885994240394, 0.5143777019648633, 0.5144661369502911, 0.5145539109741093, 0.5146410305360513, 0.514727502043579, 0.5148133318136203, 0.5148985260742666, 0.5149830909664334, 0.5150670325454774, 0.5151503567827799, 0.5152330695672934, 0.5153151767070514, 0.5153966839306451, 0.5154775968886666, 0.515557921155117, 0.5156376622287883, 0.5157168255346074, 0.5157954164249563, 0.5158734401809595, 0.5159509020137433, 0.5160278070656683, 0.5161041604115365, 0.5161799670597665, 0.5162552319535493, 0.5163299599719763, 0.5164041559311432, 0.5164778245852305, 0.5165509706275591, 0.5166235986916284, 0.5166957133521265, 0.5167673191259227, 0.5168384204730381, 0.5169090217975958, 0.5169791274487523, 0.5170487417216082, 0.5171178688581003, 0.5171865130478768, 0.5172546784291523, 0.5173223690895473, 0.51738958906691, 0.5174563423501206, 0.5175226328798813, 0.5175884645494879], "MAE": [1.0520631133999674, 1.0519060750838047, 1.0517496552056338, 1.0515938493702937, 1.0514386532295683, 1.0512840624814985, 1.0511300728697055, 1.0509766801827267, 1.0508238802533674, 1.0506716689580613, 1.0505200422162435, 1.0503689959897389, 1.0502185262821537, 1.050070314045391, 1.0499229593396648, 1.0497761538895143, 1.049630693984446, 1.0494862371933023, 1.049342314352486, 1.049201521667147, 1.0490634293793963, 1.0489258357998887, 1.0487887359110408, 1.0486522536845833, 1.0485165930743638, 1.0483831839272901, 1.0482506482421776, 1.0481185732085108, 1.0479869560212505, 1.0478557939001307, 1.0477250840893675, 1.0475948238573756, 1.0474650104964853, 1.0473356413226682, 1.0472067136752625, 1.0470782249167045, 1.0469503177399646, 1.046823589911844, 1.0466972823764908, 1.0465713926940643, 1.0464459184451658, 1.0463208572306144, 1.0461962066712258, 1.046071964407594, 1.0459481280998735, 1.04582469542757, 1.045702056704363, 1.0455811888366424, 1.045460707592113, 1.0453406108180583, 1.0452208963789076, 1.045101562156056, 1.0449826060476934, 1.0448640259686297, 1.0447458198501258, 1.044627985639727, 1.0445105213010932, 1.0443934248138407, 1.0442766941733748, 1.0441603821482786]}