{"dim_0_values": [0.001, 0.790421052631579, 1.579842105263158, 2.369263157894737, 3.158684210526316, 3.948105263157895, 4.7375263157894745, 5.5269473684210535, 6.3163684210526325, 7.1057894736842115, 7.895210526315791, 8.68463157894737, 9.474052631578948, 10.263473684210526, 11.052894736842106, 11.842315789473686, 12.631736842105264, 13.421157894736842, 14.210578947368422, 15.0], "dim_0_label": "lambda", "correlation": [0.3039874193991929, 0.3045779091253778, 0.30516175911778676, 0.3057391200382541, 0.30631013739470614, 0.30687495177488366, 0.307433699066955, 0.3079865106678876, 0.3085335136802894, 0.30907483109858436, 0.3096105819852047, 0.3101408816373413, 0.3106658417449867, 0.3111855705407282, 0.3117001729417927, 0.3122097506848803, 0.3127144024542124, 0.31321422400314425, 0.313709308269801, 0.31419974548700874], "MAE": [1.7548738483287598, 1.751159887160946, 1.7474949056352815, 1.7438915711160456, 1.7403308151245136, 1.7368210429766704, 1.7333637143078564, 1.7299578321683633, 1.726625001241611, 1.7233300753763674, 1.720071422708973, 1.7168518074828425, 1.7136715062004042, 1.7105251409449966, 1.707430195865596, 1.7043890858736417, 1.701385755337424, 1.6984131643107472, 1.695486729341665, 1.6926089448385497]}