{"dim_0_values": [10050.0, 10100.0, 10150.0, 10200.0, 10250.0, 10300.0, 10350.0, 10400.0, 10450.0, 10500.0, 10550.0, 10600.0, 10650.0, 10700.0, 10750.0, 10800.0, 10850.0, 10900.0, 10950.0, 11000.0, 11050.0, 11100.0, 11150.0, 11200.0, 11250.0, 11300.0, 11350.0, 11400.0, 11450.0, 11500.0, 11550.0, 11600.0, 11650.0, 11700.0, 11750.0, 11800.0, 11850.0, 11900.0, 11950.0, 12000.0, 12050.0, 12100.0, 12150.0, 12200.0, 12250.0, 12300.0, 12350.0, 12400.0, 12450.0, 12500.0, 12550.0, 12600.0, 12650.0, 12700.0, 12750.0, 12800.0, 12850.0, 12900.0, 12950.0, 13000.0], "dim_0_label": "lambda", "correlation": [0.4480322596973729, 0.4481707138910485, 0.44830825591525253, 0.44844489502870394, 0.4485806403515375, 0.44871550086807405, 0.4488494854295228, 0.44898260275661406, 0.4491148614421695, 0.44924626995360767, 0.4493768366353891, 0.44950656971140046, 0.44963547728728354, 0.4497635673527052, 0.4498908477835753, 0.45001732634420993, 0.45014301068944446, 0.45026790836669567, 0.45039202681797624, 0.45051537338186115, 0.4506379552954092, 0.45075977969603914, 0.45088085362336294, 0.4510011840209763, 0.451120777738209, 0.4512396415318356, 0.45135778206774524, 0.4514752059225767, 0.45159191958531425, 0.4517079294588493, 0.4518232418615074, 0.45193786302853917, 0.45205179911358156, 0.4521650561900845, 0.45227764025270706, 0.45238955721868407, 0.45250081292916167, 0.45261141315050546, 0.45272136357557907, 0.45283066982499687, 0.4529393374483477, 0.45304737192539646, 0.4531547786672558, 0.45326156301753706, 0.45336773025347366, 0.4534732855870247, 0.45357823416595194, 0.45368258107487736, 0.45378633133631746, 0.4538894899116974, 0.45399206170234185, 0.45409405155045013, 0.454195464240047, 0.4542963044979176, 0.45439657699452124, 0.454496286344889, 0.45459543710950157, 0.45469403379515105, 0.4547920808557845, 0.45488958269333224], "MAE": [1.299970425933226, 1.2996522167968456, 1.2993353861250039, 1.2990199225102181, 1.298705814687875, 1.2983930515338207, 1.2980825746196947, 1.2977740253168026, 1.2974681022166923, 1.297163932067125, 1.296861023817095, 1.2965593674628026, 1.2962589531205944, 1.295959771025019, 1.2956618115269172, 1.295366614834161, 1.2950746547856333, 1.294786108989911, 1.2945017291688583, 1.2942184766892495, 1.2939363430237643, 1.293655319743022, 1.2933753985140592, 1.2930965710988425, 1.2928188293528051, 1.292542165223416, 1.2922665707487735, 1.2919920380562284, 1.291718559361033, 1.2914461269650133, 1.291174733255271, 1.2909043707029069, 1.2906355323280214, 1.2903688213781372, 1.2901031171012174, 1.2898384122849156, 1.2895746997952258, 1.2893121593606, 1.2890565444453828, 1.2888027514708695, 1.2885523746282934, 1.288306075000237, 1.2880675504714731, 1.2878303816785264, 1.2875940581969776, 1.2873585742793752, 1.2871239242377859, 1.2868931733939808, 1.286663647586317, 1.286438622135133, 1.286214373826655, 1.2859908975661034, 1.2857681883095595, 1.285546241063272, 1.2853250508829854, 1.2851046128732682, 1.2848849221868648, 1.2846659740240485, 1.2844477636319895, 1.284230286304136]}