{"dim_0_values": [16050.0, 16100.0, 16150.0, 16200.0, 16250.0, 16300.0, 16350.0, 16400.0, 16450.0, 16500.0, 16550.0, 16600.0, 16650.0, 16700.0, 16750.0, 16800.0, 16850.0, 16900.0, 16950.0, 17000.0, 17050.0, 17100.0, 17150.0, 17200.0, 17250.0, 17300.0, 17350.0, 17400.0, 17450.0, 17500.0, 17550.0, 17600.0, 17650.0, 17700.0, 17750.0, 17800.0, 17850.0, 17900.0, 17950.0, 18000.0, 18050.0, 18100.0, 18150.0, 18200.0, 18250.0, 18300.0, 18350.0, 18400.0, 18450.0, 18500.0, 18550.0, 18600.0, 18650.0, 18700.0, 18750.0, 18800.0, 18850.0, 18900.0, 18950.0, 19000.0], "dim_0_label": "lambda", "correlation": [0.5208661964618617, 0.5209096195230779, 0.520952758619825, 0.5209956157087409, 0.5210381927277646, 0.5210804915963758, 0.5211225142158253, 0.5211642624693641, 0.5212057382224694, 0.5212469433230672, 0.5212878796017486, 0.5213285488719864, 0.5213689529303475, 0.5214090935566982, 0.5214489725144129, 0.521488591550574, 0.5215279523961711, 0.5215670567662979, 0.5216059063603433, 0.5216445028621833, 0.5216828479403667, 0.5217209432483003, 0.5217587904244295, 0.5217963910924178, 0.5218337468613222, 0.5218708593257677, 0.5219077300661177, 0.5219443606486409, 0.5219807526256803, 0.5220169075358138, 0.5220528269040163, 0.5220885122418188, 0.522123965047464, 0.5221591868060605, 0.5221941789897354, 0.5222289430577828, 0.5222634804568123, 0.5222977926208929, 0.522331880971699, 0.5223657469186481, 0.5223993918590436, 0.5224328171782089, 0.5224660242496243, 0.522499014435061, 0.5225317890847108, 0.5225643495373166, 0.5225966971203011, 0.5226288331498916, 0.522660758931245, 0.5226924757585698, 0.5227239849152472, 0.5227552876739507, 0.5227863852967632, 0.5228172790352936, 0.5228479701307891, 0.5228784598142507, 0.5229087493065437, 0.5229388398185055, 0.5229687325510565, 0.5229984286953051], "MAE": [1.0380557854750236, 1.0379746691438831, 1.0378939109733287, 1.0378133719901823, 1.0377330511728733, 1.0376529475065368, 1.0375730599829585, 1.0374933876005166, 1.037413929364129, 1.0373346842851967, 1.0372556513815514, 1.0371768296774004, 1.0370982182032755, 1.037019815995979, 1.0369416220985312, 1.0368637333964275, 1.0367860654422112, 1.0367086028566297, 1.0366319740167722, 1.0365556811589849, 1.0364795870621841, 1.0364036908400485, 1.0363279916117683, 1.0362524885020035, 1.0361771806408409, 1.0361020671637509, 1.036027147211547, 1.0359524199303423, 1.0358778844715115, 1.0358035399916476, 1.0357293856525212, 1.0356554206210429, 1.0355816440692214, 1.0355080551741258, 1.035434653117845, 1.0353614370874509, 1.0352884062749586, 1.0352155598772887, 1.0351429642229417, 1.035071638986313, 1.0350004935734651, 1.034930208836135, 1.0348618928920945, 1.0347941514355785, 1.0347267140196128, 1.0346594452707083, 1.0345923444716674, 1.0345254109095303, 1.034458643875545, 1.0343926324372323, 1.0343272458414825, 1.0342620201825024, 1.034196954790263, 1.0341320489985883, 1.034067302145129, 1.0340027135713339, 1.0339382826224242, 1.0338740086473648, 1.0338098909988394, 1.033745929033224]}