{"dim_0_values": [15.0, 22.105263157894736, 29.210526315789473, 36.31578947368421, 43.421052631578945, 50.526315789473685, 57.631578947368425, 64.73684210526315, 71.84210526315789, 78.94736842105263, 86.05263157894737, 93.15789473684211, 100.26315789473685, 107.36842105263159, 114.47368421052632, 121.57894736842105, 128.68421052631578, 135.78947368421052, 142.89473684210526, 150.0], "dim_0_label": "lambda", "correlation": [0.2773957814939444, 0.28032606929370424, 0.28300701871344186, 0.2854787811696175, 0.2877727189584988, 0.28991375426073984, 0.2919219904308751, 0.293813858768714, 0.2956029471442256, 0.29730061008004416, 0.2989164254721876, 0.30045854162955354, 0.301933944530249, 0.30334866614997574, 0.30470794865999995, 0.3060163751577525, 0.3072779747224112, 0.3084963075640598, 0.30967453458742544, 0.31081547464258746], "MAE": [4.280487043919986, 4.225706168317676, 4.1767958416361415, 4.131987281416546, 4.091409072972673, 4.0545759505556935, 4.020565416695292, 3.988818762812461, 3.9595859610356334, 3.9320425679533852, 3.906114631583434, 3.8817058036138987, 3.8587585230170793, 3.8370360347867862, 3.8165660097265053, 3.7970918459211203, 3.7788026134405874, 3.7611703967885113, 3.7442900971709854, 3.7282007773074426]}