{"dim_0_values": [2050.0, 2100.0, 2150.0, 2200.0, 2250.0, 2300.0, 2350.0, 2400.0, 2450.0, 2500.0, 2550.0, 2600.0, 2650.0, 2700.0, 2750.0, 2800.0, 2850.0, 2900.0, 2950.0, 3000.0, 3050.0, 3100.0, 3150.0, 3200.0, 3250.0, 3300.0, 3350.0, 3400.0, 3450.0, 3500.0, 3550.0, 3600.0, 3650.0, 3700.0, 3750.0, 3800.0, 3850.0, 3900.0, 3950.0, 4000.0], "dim_0_label": "lambda", "correlation": [0.46809288448164016, 0.46893484675370845, 0.46975242620876184, 0.47054683015773396, 0.47131918207226126, 0.47207052898428303, 0.4728018480987586, 0.4735140527169187, 0.4742079975537751, 0.4748844835220402, 0.475544262044844, 0.476188038951346, 0.47681647800226107, 0.4774302040862985, 0.4780298061233412, 0.4786158397057459, 0.4791888295053363, 0.4797492714703344, 0.48029763483363885, 0.4808343639513588, 0.48135987998835766, 0.48187458246567494, 0.4823788506830493, 0.4828730450283217, 0.48335750818422674, 0.48383256624197474, 0.4842985297300384, 0.4847556945656916, 0.4852043429360858, 0.485644744114965, 0.4860771552205172, 0.4865018219193272, 0.4869189790809174, 0.48732885138693033, 0.48773165389863793, 0.48812759258610844, 0.48851686482206935, 0.4888996598432194, 0.4892761591815053, 0.48964653706765227], "MAE": [1.136678741805173, 1.134846534325126, 1.1330742198758395, 1.131342464824737, 1.1296803758397067, 1.1280690237296258, 1.1265144420725721, 1.1250134870274218, 1.123552244985624, 1.1221303017162687, 1.1207491739021302, 1.1193948743586826, 1.1180711330441666, 1.1167782306420166, 1.1155232414844758, 1.114299806437179, 1.1130988720448678, 1.1119246064174126, 1.110779525670077, 1.1096641011691057, 1.1085751578219174, 1.1075032639341278, 1.106453126306445, 1.1054300767585958, 1.104447195277327, 1.1035002145743265, 1.1025692898903972, 1.1016684587448362, 1.1008064274206488, 1.0999771959268283, 1.0991662751028886, 1.0983752939578435, 1.0976006870055555, 1.0968463472527175, 1.0961193991931155, 1.0954011503391325, 1.0946913961640672, 1.0939899394658745, 1.0932965900158216, 1.0926198830984908]}