{"dim_0_values": [22050.0, 22100.0, 22150.0, 22200.0, 22250.0, 22300.0, 22350.0, 22400.0, 22450.0, 22500.0, 22550.0, 22600.0, 22650.0, 22700.0, 22750.0, 22800.0, 22850.0, 22900.0, 22950.0, 23000.0, 23050.0, 23100.0, 23150.0, 23200.0, 23250.0, 23300.0, 23350.0, 23400.0, 23450.0, 23500.0, 23550.0, 23600.0, 23650.0, 23700.0, 23750.0, 23800.0, 23850.0, 23900.0, 23950.0, 24000.0, 24050.0, 24100.0, 24150.0, 24200.0, 24250.0, 24300.0, 24350.0, 24400.0, 24450.0, 24500.0, 24550.0, 24600.0, 24650.0, 24700.0, 24750.0, 24800.0, 24850.0, 24900.0, 24950.0, 25000.0], "dim_0_label": "lambda", "correlation": [0.4632172604015309, 0.4632468883740025, 0.46327636168598146, 0.4633056811756904, 0.46333484767523336, 0.46336386201065466, 0.46339272500199374, 0.4634214374633438, 0.46345000020290406, 0.46347841402303724, 0.46350667972032233, 0.46353479808560827, 0.4635627699040675, 0.4635905959552478, 0.46361827701312397, 0.4636458138461494, 0.46367320721730637, 0.4637004578841561, 0.46372756659888825, 0.46375453410837, 0.4637813611541941, 0.4638080484727272, 0.4638345967951559, 0.4638610068475353, 0.4638872793508343, 0.4639134150209808, 0.4639394145689082, 0.46396527870059895, 0.4639910081171297, 0.46401660351471474, 0.4640420655847484, 0.46406739501384975, 0.4640925924839034, 0.46411765867210186, 0.4641425942509869, 0.4641673998884909, 0.46419207624797654, 0.4642166239882782, 0.46424104376374026, 0.4642653362242574, 0.46428950201531266, 0.4643135417780161, 0.46433745614914324, 0.46436124576117244, 0.46438491124232106, 0.4644084532165839, 0.464431872303769, 0.464455169119533, 0.4644783442754173, 0.46450139837888366, 0.4645243320333487, 0.46454714583821827, 0.464569840388922, 0.4645924162769474, 0.46461487408987223, 0.46463721441139844, 0.46465943782138514, 0.46468154489588015, 0.46470353620715316, 0.46472541232372655], "MAE": [2.5781488275799136, 2.578042136580604, 2.577935705728238, 2.5778295338418205, 2.577723619748209, 2.5776179622820408, 2.5775125602856694, 2.5774074126090936, 2.577302518109894, 2.577197875653168, 2.5770934841114603, 2.5769893423647035, 2.5768854493001534, 2.576781803812326, 2.576678404802934, 2.5765766183484966, 2.576475112852602, 2.5763738506686966, 2.576272830715273, 2.576172051917838, 2.5760715132088614, 2.5759715945532107, 2.575874722964364, 2.5757780785897726, 2.5756833174591587, 2.575590133671564, 2.57549716486339, 2.575404410116457, 2.5753118685183267, 2.575219539162252, 2.5751286840827596, 2.5750391818591587, 2.574949883188115, 2.574860787211762, 2.5747718930775245, 2.574683199938073, 2.5745947069512805, 2.5745064132801843, 2.5744183180929423, 2.57433042056279, 2.5742427198680042, 2.5741552151918587, 2.5740679057225875, 2.573980790653342, 2.573893869182155, 2.5738083710212085, 2.5737252316566432, 2.573642276486464, 2.5735595047574416, 2.5734769157208506, 2.573394508632435, 2.5733122827523665, 2.573230237345221, 2.5731483716799333, 2.573066685029772, 2.5729851766723, 2.5729038458893427, 2.572822691966958, 2.5727417141953977, 2.5726609118690815]}