{"dim_0_values": [4050.0, 4100.0, 4150.0, 4200.0, 4250.0, 4300.0, 4350.0, 4400.0, 4450.0, 4500.0, 4550.0, 4600.0, 4650.0, 4700.0, 4750.0, 4800.0, 4850.0, 4900.0, 4950.0, 5000.0, 5050.0, 5100.0, 5150.0, 5200.0, 5250.0, 5300.0, 5350.0, 5400.0, 5450.0, 5500.0, 5550.0, 5600.0, 5650.0, 5700.0, 5750.0, 5800.0, 5850.0, 5900.0, 5950.0, 6000.0, 6050.0, 6100.0, 6150.0, 6200.0, 6250.0, 6300.0, 6350.0, 6400.0, 6450.0, 6500.0, 6550.0, 6600.0, 6650.0, 6700.0, 6750.0, 6800.0, 6850.0, 6900.0, 6950.0, 7000.0], "dim_0_label": "lambda", "correlation": [0.4701590772128518, 0.47046399253763993, 0.47076412364524817, 0.47105959489724175, 0.47135052592502175, 0.47163703186311284, 0.4719192235684619, 0.4721972078267209, 0.4724710875464289, 0.4727409619419161, 0.4730069267057028, 0.47326907417110026, 0.4735274934656628, 0.4737822706560992, 0.4740334888851974, 0.47428122850128135, 0.4745255671806743, 0.47476658004361844, 0.47500433976405176, 0.4752389166736334, 0.47547037886036697, 0.475698792262147, 0.4759242207555471, 0.4761467262401217, 0.4763663687184943, 0.47658320637247936, 0.4767972956354664, 0.47700869126128476, 0.4772174463897461, 0.4774236126090593, 0.4776272400152858, 0.477828377269008, 0.47802707164935776, 0.47822336910555474, 0.47841731430608503, 0.4786089506856531, 0.47879832049001975, 0.47898546481884124, 0.47917042366661533, 0.47935323596182944, 0.47953393960440815, 0.47971257150154256, 0.4798891676019884, 0.48006376292890685, 0.48023639161132137, 0.4804070869142611, 0.4805758812676542, 0.48074280629403177, 0.480907892835101, 0.4810711709772431, 0.4812326700759834, 0.4813924187794873, 0.48155044505112554, 0.4817067761911505, 0.48186143885752963, 0.48201445908596946, 0.4821658623091714, 0.4823156733753517, 0.4824639165660592, 0.48261061561332497], "MAE": [1.0810458071415987, 1.08025697678072, 1.079476640017223, 1.0787067099681282, 1.077944497765143, 1.077189851792315, 1.0764426250662111, 1.0757035305796525, 1.0749751860049197, 1.0742539281440473, 1.073542996961866, 1.0728389208809097, 1.0721470334792753, 1.071464500122137, 1.070792046351688, 1.0701284949452066, 1.0694805250181925, 1.0688426176964432, 1.0682180670143289, 1.0676115954207308, 1.0670108503950213, 1.0664254836226952, 1.065847828861373, 1.0652808183119855, 1.0647224292199697, 1.064168383911454, 1.0636186176148386, 1.0630743720397131, 1.0625351286087292, 1.0620035569832638, 1.0614759696165967, 1.060952309616857, 1.0604363880143028, 1.0599311692145856, 1.0594295702071967, 1.058931542102448, 1.0584370370282332, 1.0579566837957683, 1.0574825848766314, 1.0570164569670617, 1.0565567327710295, 1.056110998057405, 1.0556682684096113, 1.0552283944013394, 1.054791341859815, 1.0543581778098159, 1.05393146386284, 1.0535105620297915, 1.0530926515278616, 1.0526773057404908, 1.0522644955643836, 1.0518541923991354, 1.0514463681352413, 1.0510409951424735, 1.0506439139536181, 1.0502519586331107, 1.0498660907113224, 1.0494840572006416, 1.0491088506953146, 1.048735818534114]}