{"dim_0_values": [13050.0, 13100.0, 13150.0, 13200.0, 13250.0, 13300.0, 13350.0, 13400.0, 13450.0, 13500.0, 13550.0, 13600.0, 13650.0, 13700.0, 13750.0, 13800.0, 13850.0, 13900.0, 13950.0, 14000.0, 14050.0, 14100.0, 14150.0, 14200.0, 14250.0, 14300.0, 14350.0, 14400.0, 14450.0, 14500.0, 14550.0, 14600.0, 14650.0, 14700.0, 14750.0, 14800.0, 14850.0, 14900.0, 14950.0, 15000.0, 15050.0, 15100.0, 15150.0, 15200.0, 15250.0, 15300.0, 15350.0, 15400.0, 15450.0, 15500.0, 15550.0, 15600.0, 15650.0, 15700.0, 15750.0, 15800.0, 15850.0, 15900.0, 15950.0, 16000.0], "dim_0_label": "lambda", "correlation": [0.4932167603904539, 0.49326658634355414, 0.49331600660633224, 0.49336502447756075, 0.4934136432183239, 0.4934618660525915, 0.4935096961677863, 0.4935571367153377, 0.4936041908112264, 0.4936508615365188, 0.4936971519378898, 0.49374306502813725, 0.4937886037866851, 0.4938337711600796, 0.4938785700624734, 0.4939230033761024, 0.4939670739517537, 0.4940107846092239, 0.4940541381377698, 0.49409713729655147, 0.49413978481506454, 0.49418208339356834, 0.4942240357035033, 0.49426564438790266, 0.4943069120617959, 0.4943478413126043, 0.4943884347005312, 0.49442869475894413, 0.4944686239947506, 0.4945082248887661, 0.49454749989607827, 0.49458645144640107, 0.49462508194442645, 0.4946633937701667, 0.49470138927929413, 0.4947390708034708, 0.4947764406506768, 0.49481350110552963, 0.49485025442960123, 0.4948867028617253, 0.49492284861830427, 0.4949586938936074, 0.4949942408600659, 0.49502949166856197, 0.49506444844871406, 0.4950991133091557, 0.4951334883378125, 0.49516757560217073, 0.4952013771495453, 0.495234895007341, 0.4952681311833101, 0.49530108766580533, 0.4953337664240298, 0.49536616940828215, 0.49539829855019735, 0.4954301557629844, 0.49546174294165957, 0.49549306196327714, 0.4955241146871541, 0.4955549029550944], "MAE": [1.0208509033228088, 1.020702969172504, 1.020555537025951, 1.0204089640815919, 1.0202632570839276, 1.020118041680551, 1.0199733150565886, 1.0198290744194098, 1.0196853169984081, 1.0195429017886073, 1.0194012808183313, 1.0192601297661454, 1.0191194459913417, 1.018982908948051, 1.0188485291033513, 1.018714589115545, 1.0185810865517229, 1.0184480189974623, 1.0183153840566526, 1.0181831793513225, 1.0180514025214704, 1.0179200512248967, 1.0177891231370364, 1.0176586159507928, 1.017528527376378, 1.0173988551411468, 1.0172695969894425, 1.017140750682434, 1.0170125699991488, 1.0168849928061408, 1.016757814096858, 1.0166310317676506, 1.0165046437300895, 1.0163786479108325, 1.0162530422514897, 1.01612782470849, 1.0160029932529486, 1.01587854587054, 1.0157544805613639, 1.0156307953398216, 1.015507674471206, 1.015387129212255, 1.0152669513541723, 1.0151471390116367, 1.015027690312548, 1.0149086033979133, 1.0147898764217338, 1.0146715075508947, 1.0145534949650519, 1.014435836856525, 1.0143185314301866, 1.0142015769033574, 1.0140849715056968, 1.0139704217546153, 1.013857402957607, 1.0137456745433102, 1.0136342824614155, 1.013523225016463, 1.0134125005246368, 1.0133021073136654]}