{"dim_0_values": [0.001, 0.790421052631579, 1.579842105263158, 2.369263157894737, 3.158684210526316, 3.948105263157895, 4.7375263157894745, 5.5269473684210535, 6.3163684210526325, 7.1057894736842115, 7.895210526315791, 8.68463157894737, 9.474052631578948, 10.263473684210526, 11.052894736842106, 11.842315789473686, 12.631736842105264, 13.421157894736842, 14.210578947368422, 15.0], "dim_0_label": "lambda", "correlation": [0.2713894722669592, 0.27172717858923684, 0.27206149827091247, 0.272392508562399, 0.27272028408812543, 0.27304489696232365, 0.27336641689853075, 0.27368491131332784, 0.27400044542453605, 0.27431308234434504, 0.27462288316762146, 0.27492990705565246, 0.27523421131569253, 0.27553585147651494, 0.27583488136016215, 0.2761313531501892, 0.2764253174565836, 0.2767168233775323, 0.27700591855821816, 0.2772926492468197], "MAE": [8.255439680891964, 8.242828280634882, 8.23037751956609, 8.218092612904758, 8.20594186107027, 8.193905173076047, 8.181980476016074, 8.170165753716674, 8.158459044651153, 8.146908304055149, 8.135541153121972, 8.124444260452043, 8.113569391684397, 8.102872079225069, 8.092362550842333, 8.081942361242124, 8.071608793214393, 8.061360448329598, 8.051247294579746, 8.041216862706548]}