{"dim_0_values": [7050.0, 7100.0, 7150.0, 7200.0, 7250.0, 7300.0, 7350.0, 7400.0, 7450.0, 7500.0, 7550.0, 7600.0, 7650.0, 7700.0, 7750.0, 7800.0, 7850.0, 7900.0, 7950.0, 8000.0, 8050.0, 8100.0, 8150.0, 8200.0, 8250.0, 8300.0, 8350.0, 8400.0, 8450.0, 8500.0, 8550.0, 8600.0, 8650.0, 8700.0, 8750.0, 8800.0, 8850.0, 8900.0, 8950.0, 9000.0, 9050.0, 9100.0, 9150.0, 9200.0, 9250.0, 9300.0, 9350.0, 9400.0, 9450.0, 9500.0, 9550.0, 9600.0, 9650.0, 9700.0, 9750.0, 9800.0, 9850.0, 9900.0, 9950.0, 10000.0], "dim_0_label": "lambda", "correlation": [0.4384394320639265, 0.43864520592007067, 0.43884899945379113, 0.43905084188946697, 0.43925076184008593, 0.4394487873238589, 0.4396449457802801, 0.43983926408565494, 0.4400317685681142, 0.440222485022137, 0.44041143872260063, 0.44059865443837437, 0.4407841564454778, 0.44096796853981707, 0.4411501140495169, 0.44133061584686323, 0.4415094963598712, 0.44168677758349056, 0.44186248109046644, 0.4420366280418625, 0.44220923919726307, 0.44238033492466394, 0.44254993521006386, 0.44271805966676675, 0.44288472754440533, 0.44304995773769745, 0.4432137687949407, 0.4433761789262597, 0.44353720601160995, 0.44369686760854987, 0.4438551809597878, 0.4440121630005111, 0.4441678303655066, 0.44432219939607687, 0.44447528614676207, 0.4446271063918721, 0.4447776756318353, 0.444927009099371, 0.44507512176549024, 0.4452220283453323, 0.44536774330383977, 0.44551228086128, 0.4456556549986165, 0.4457978794627341, 0.4459389677715269, 0.4460789332188459, 0.4462177888793195, 0.4463555476130434, 0.4464922220701489, 0.44662782469525014, 0.4467623677317782, 0.4468958632261986, 0.4470283230321242, 0.44715975881432035, 0.4472901820526083, 0.4474196040456695, 0.44754803591475245, 0.4476754886072891, 0.44780197290041807, 0.4479274994044205], "MAE": [2.6770249838417413, 2.676120589582044, 2.6752230109499195, 2.6743315831513836, 2.673446226551147, 2.6725668630525847, 2.671693416058122, 2.670825810430901, 2.669963972457662, 2.669107829812817, 2.6682573115236385, 2.6674123479365535, 2.666572870684471, 2.665751324257185, 2.664936916515114, 2.6641276805985052, 2.663323554787532, 2.662529011314372, 2.6617453334673007, 2.660967138690079, 2.660210841241464, 2.659462144875307, 2.6587180036834415, 2.657985735241394, 2.6572724253100644, 2.6565633836804246, 2.65585856254158, 2.655174488251491, 2.6545001076288153, 2.6538296405436608, 2.653163044277686, 2.6525002768082695, 2.65184129679338, 2.6511860635568554, 2.6505424359080143, 2.6499075408566495, 2.649276167550502, 2.648655101043143, 2.648037888943542, 2.6474285231725254, 2.646825895277108, 2.6462265078946237, 2.64563032817196, 2.6450373237534914, 2.6444474627710015, 2.6438607138338734, 2.6432770460195214, 2.6426964288640638, 2.6421188323532308, 2.641544226913493, 2.640972728275949, 2.640406092578749, 2.6398423603671914, 2.639282389604398, 2.638727352868836, 2.63819101280278, 2.637665668292272, 2.6371440303651754, 2.636625011453294, 2.6361085870671515]}