{"dim_0_values": [175.0, 203.44827586206895, 231.89655172413794, 260.34482758620686, 288.7931034482759, 317.2413793103448, 345.6896551724138, 374.1379310344828, 402.58620689655174, 431.0344827586207, 459.48275862068965, 487.9310344827586, 516.3793103448276, 544.8275862068965, 573.2758620689656, 601.7241379310344, 630.1724137931035, 658.6206896551723, 687.0689655172414, 715.5172413793103, 743.9655172413793, 772.4137931034483, 800.8620689655172, 829.3103448275862, 857.7586206896551, 886.2068965517241, 914.655172413793, 943.1034482758621, 971.551724137931, 1000.0], "dim_0_label": "lambda", "correlation": [0.4253929719189763, 0.43036435042310056, 0.4348002361023167, 0.4387981474781546, 0.44243152742317754, 0.4457570224473526, 0.448819211312326, 0.4516537840603113, 0.4542897424630354, 0.4567509617669834, 0.4590573235410465, 0.46122555328490905, 0.4632698503226413, 0.46520236870410997, 0.46703358937209555, 0.4687726117322902, 0.4704273846367334, 0.47200489123754613, 0.4735112983060769, 0.47495207788470994, 0.4763321071836626, 0.4776557512153343, 0.4789269316151133, 0.4801491843215071, 0.4813257082054266, 0.48245940629611594, 0.4835529209124642, 0.4846086637469526, 0.485628841745827, 0.4866154794695009], "MAE": [1.5061917181480002, 1.4863491725854203, 1.4688608195195458, 1.4532390071938626, 1.4394197533915696, 1.4270063372934847, 1.4160048267931047, 1.4062405959472115, 1.397181217160311, 1.388687808222731, 1.3806997354833788, 1.3731870758232672, 1.36614757698636, 1.3595306368421893, 1.353248557908513, 1.347311483801524, 1.3416368798769644, 1.3361895969763102, 1.3309794548849394, 1.326033255208455, 1.3213431534653497, 1.3168728648840688, 1.3126094507323165, 1.3084833218312124, 1.3044933543213548, 1.3006776946156378, 1.2969825790253027, 1.293416012194558, 1.2899744384207206, 1.286628243368436]}