{"dim_0_values": [2050.0, 2100.0, 2150.0, 2200.0, 2250.0, 2300.0, 2350.0, 2400.0, 2450.0, 2500.0, 2550.0, 2600.0, 2650.0, 2700.0, 2750.0, 2800.0, 2850.0, 2900.0, 2950.0, 3000.0, 3050.0, 3100.0, 3150.0, 3200.0, 3250.0, 3300.0, 3350.0, 3400.0, 3450.0, 3500.0, 3550.0, 3600.0, 3650.0, 3700.0, 3750.0, 3800.0, 3850.0, 3900.0, 3950.0, 4000.0], "dim_0_label": "lambda", "correlation": [0.45155960500474496, 0.45227319267087507, 0.4529661166483058, 0.4536394096459962, 0.45429403166726773, 0.4549308765016788, 0.4555507775204857, 0.45615451286246167, 0.45674281008458084, 0.4573163503417424, 0.45787577215097136, 0.4584216747881367, 0.4589546213588968, 0.4594751415802383, 0.4599837343043289, 0.46048086981248, 0.46096699190359136, 0.461442519798521, 0.4619078498792761, 0.4623633572797165, 0.46280939734254173, 0.4632463069556633, 0.46367440577960317, 0.4640939973762767, 0.4645053702484024, 0.4649087987977923, 0.46530454420991196, 0.4656928552713236, 0.46607396912596316, 0.4664481119755897, 0.4668154997292225, 0.4671763386059006, 0.46753082569468873, 0.46787914947546777, 0.46822149030372257, 0.4685580208622319, 0.4688889065823078, 0.469214306036977, 0.46953437130829884, 0.4698492483308003], "MAE": [1.1326482332265162, 1.1306037846728125, 1.1286215705332157, 1.1266956565328572, 1.1248189053916053, 1.1229783413821526, 1.1211954287236574, 1.1194551409652167, 1.117763399692747, 1.1161086271186136, 1.1144826477283327, 1.1129104819614164, 1.111375029155003, 1.1098816267661522, 1.1084202713970353, 1.107000878002347, 1.1056225004543012, 1.104278214986262, 1.102975180858201, 1.1016968886796041, 1.100462113740255, 1.0992622348635726, 1.098092051301133, 1.0969574152445698, 1.0958520983902666, 1.0947768178656374, 1.0937154458359706, 1.092667629453326, 1.0916496968026208, 1.0906679213831068, 1.0896979835385507, 1.0887570668438549, 1.0878281034444046, 1.0869137505763307, 1.0860143286145536, 1.0851390809656902, 1.0842875274270718, 1.0834622294618017, 1.0826482584007797, 1.0818428436173562]}