{"dim_0_values": [1050.0, 1100.0, 1150.0, 1200.0, 1250.0, 1300.0, 1350.0, 1400.0, 1450.0, 1500.0, 1550.0, 1600.0, 1650.0, 1700.0, 1750.0, 1800.0, 1850.0, 1900.0, 1950.0, 2000.0], "dim_0_label": "lambda", "correlation": [0.4302032477597857, 0.4317789614071938, 0.4332729740840569, 0.43469244115124245, 0.43604365779972964, 0.4373321885183968, 0.4385629733685743, 0.43974041584956547, 0.44086845602942865, 0.4419506317899521, 0.4429901304143997, 0.44398983227574323, 0.44495234802239053, 0.44588005037971584, 0.4467751014686059, 0.447639476371933, 0.4484749835452079, 0.4492832825605878, 0.450065899587699, 0.4508242409456494], "MAE": [1.195328065032547, 1.1905960550727206, 1.1860838724431984, 1.1818168535737998, 1.1778187906436726, 1.1740694211178715, 1.1704831782859892, 1.1670759007653515, 1.163804442727771, 1.1606374847443608, 1.1575967743765183, 1.154679620436847, 1.1518993224896912, 1.1492293487468943, 1.1466429214443643, 1.1441229625050744, 1.1416815750160374, 1.1393158478532623, 1.1370044478465224, 1.134773478361231]}