{"dim_0_values": [19050.0, 19100.0, 19150.0, 19200.0, 19250.0, 19300.0, 19350.0, 19400.0, 19450.0, 19500.0, 19550.0, 19600.0, 19650.0, 19700.0, 19750.0, 19800.0, 19850.0, 19900.0, 19950.0, 20000.0, 20050.0, 20100.0, 20150.0, 20200.0, 20250.0, 20300.0, 20350.0, 20400.0, 20450.0, 20500.0, 20550.0, 20600.0, 20650.0, 20700.0, 20750.0, 20800.0, 20850.0, 20900.0, 20950.0, 21000.0, 21050.0, 21100.0, 21150.0, 21200.0, 21250.0, 21300.0, 21350.0, 21400.0, 21450.0, 21500.0, 21550.0, 21600.0, 21650.0, 21700.0, 21750.0, 21800.0, 21850.0, 21900.0, 21950.0, 22000.0], "dim_0_label": "lambda", "correlation": [0.4478782728048903, 0.44788259102590217, 0.44788677553461015, 0.44789082737924324, 0.44789474759812886, 0.447898537219809, 0.4479021972631517, 0.4479057287374647, 0.4479091326426034, 0.4479124099690818, 0.4479155616981782, 0.447918588802041, 0.4479214922437932, 0.44792427297763565, 0.44792693194894717, 0.4479294700943861, 0.4479318883419874, 0.4479341876112612, 0.44793636881328863, 0.4479384328508157, 0.4479403806183474, 0.4479422130022403, 0.44794393088079204, 0.44794553512433255, 0.4479470265953122, 0.4479484061483885, 0.4479496746305131, 0.44795083288101584, 0.4479518817316901, 0.4479528220068747, 0.4479536545235352, 0.44795438009134597, 0.447954999512768, 0.44795551358312974, 0.44795592309070204, 0.44795622881677666, 0.4479564315357407, 0.4479565320151522, 0.44795653101581256, 0.44795642929183976, 0.44795622759074016, 0.44795592665347955, 0.4479555272145521, 0.44795503000205006, 0.4479544357377318, 0.44795374513708913, 0.4479529589094134, 0.44795207775786094, 0.4479511023795187, 0.44795003346546647, 0.44794887170084224, 0.44794761776490244, 0.4479462723310846, 0.4479448360670674, 0.44794330963483203, 0.44794169369071934, 0.4479399888854903, 0.4479381958643828, 0.4479363152671687, 0.44793434772821095], "MAE": [5.343679377999409, 5.343627302963223, 5.343576197709548, 5.3435251793147005, 5.343474247360578, 5.34342340143289, 5.3433726411211175, 5.343321966018461, 5.343273740937975, 5.343236091739957, 5.343198495720806, 5.343168908181286, 5.3431435882737475, 5.343119951144465, 5.343096332206532, 5.3430727313669815, 5.343049148534252, 5.34302558361817, 5.343003536430122, 5.342986446706842, 5.342969399919385, 5.342958167120872, 5.342946918824816, 5.34293565508411, 5.342925295626166, 5.342917276402015, 5.34290923759795, 5.342901179270005, 5.3428931014747905, 5.342885004269454, 5.342876887711693, 5.3428687518597195, 5.34286059677226, 5.342852422508529, 5.342844229128225, 5.342836016691513, 5.3428277852590105, 5.342819534891776, 5.342811265651293, 5.342802977599465, 5.342794670798596, 5.342786345311378, 5.342778001200885, 5.342769638530555, 5.342761257364185, 5.342752857765916, 5.342744439800217, 5.342736003531887, 5.342727549026029, 5.3427273301027105, 5.342731023263312, 5.342734666356851, 5.342738259586949, 5.342741803156659, 5.342747193021818, 5.3427527720424, 5.3427582946634775, 5.342763761128233, 5.34276917167896, 5.34277452655706]}