{"dim_0_values": [16050.0, 16100.0, 16150.0, 16200.0, 16250.0, 16300.0, 16350.0, 16400.0, 16450.0, 16500.0, 16550.0, 16600.0, 16650.0, 16700.0, 16750.0, 16800.0, 16850.0, 16900.0, 16950.0, 17000.0, 17050.0, 17100.0, 17150.0, 17200.0, 17250.0, 17300.0, 17350.0, 17400.0, 17450.0, 17500.0, 17550.0, 17600.0, 17650.0, 17700.0, 17750.0, 17800.0, 17850.0, 17900.0, 17950.0, 18000.0, 18050.0, 18100.0, 18150.0, 18200.0, 18250.0, 18300.0, 18350.0, 18400.0, 18450.0, 18500.0, 18550.0, 18600.0, 18650.0, 18700.0, 18750.0, 18800.0, 18850.0, 18900.0, 18950.0, 19000.0], "dim_0_label": "lambda", "correlation": [0.49558542859160637, 0.4956156934041198, 0.4956456991831971, 0.49567544770274236, 0.4957049407202074, 0.49573417997679414, 0.49576316719765334, 0.4957919040920812, 0.49582039235371245, 0.4958486336607107, 0.49587662967595536, 0.495904382047227, 0.49593189240738694, 0.49595916237455906, 0.49598619355230317, 0.49601298752979034, 0.49603954588197274, 0.49606587016975295, 0.49609196194014876, 0.49611782272645744, 0.49614345404841576, 0.49616885741235994, 0.49619403431137993, 0.49621898622547517, 0.4962437146217054, 0.4962682209543396, 0.49629250666500474, 0.4963165731828295, 0.49634042192458805, 0.4963640542948409, 0.4963874716860732, 0.4964106754788336, 0.4964336670418666, 0.4964564477322476, 0.4964790188955136, 0.49650138186579196, 0.49652353796592874, 0.4965454885076134, 0.4965672347915041, 0.4965887781073484, 0.4966101197341053, 0.4966312609400625, 0.4966522029829544, 0.4966729471100785, 0.49669349455840717, 0.4967138465547024, 0.49673400431562487, 0.4967539690478442, 0.49677374194814694, 0.496793324203542, 0.49681271699136687, 0.4968319214793896, 0.4968509388259129, 0.4968697701798726, 0.4968884166809393, 0.4969068794596148, 0.49692515963732947, 0.49694325832653763, 0.4969611766308125, 0.4969789156449378], "MAE": [1.0131920437227238, 1.0130823081023377, 1.0129728988142888, 1.0128638142315185, 1.012755052738035, 1.0126466127288216, 1.012538492609743, 1.0124306907974552, 1.0123232057193148, 1.0122160358132908, 1.012109179527875, 1.0120026353219937, 1.0118964016649241, 1.0117904770362036, 1.011684859925549, 1.0115795488327692, 1.0114745422676827, 1.0113698387500358, 1.0112654368094183, 1.0111613349851842, 1.0110575318263715, 1.01095402589162, 1.0108508157490959, 1.0107478999764097, 1.0106452771605428, 1.0105429458977677, 1.0104409047935734, 1.0103391524625902, 1.0102376875285142, 1.0101365086240344, 1.0100372024276525, 1.0099386604525045, 1.009840394861591, 1.0097424043518008, 1.00964517718246, 1.0095484312380687, 1.0094519531485107, 1.009356281730876, 1.0092610926893473, 1.0091661656242623, 1.0090714993208925, 1.0089770925721824, 1.0088829441786913, 1.0087890529485324, 1.0086954176973146, 1.0086020372480855, 1.008508910431272, 1.008417028137723, 1.0083256485657741, 1.0082345162711381, 1.0081436301270144, 1.0080529890135863, 1.007962591817971, 1.0078724374341639, 1.007783250798775, 1.0076946645847977, 1.0076063162215911, 1.0075182046314233, 1.0074303287432191, 1.0073426874925082]}