{"dim_0_values": [2050.0, 2100.0, 2150.0, 2200.0, 2250.0, 2300.0, 2350.0, 2400.0, 2450.0, 2500.0, 2550.0, 2600.0, 2650.0, 2700.0, 2750.0, 2800.0, 2850.0, 2900.0, 2950.0, 3000.0, 3050.0, 3100.0, 3150.0, 3200.0, 3250.0, 3300.0, 3350.0, 3400.0, 3450.0, 3500.0, 3550.0, 3600.0, 3650.0, 3700.0, 3750.0, 3800.0, 3850.0, 3900.0, 3950.0, 4000.0], "dim_0_label": "lambda", "correlation": [0.5094939141313367, 0.5101961765224481, 0.5108772663460867, 0.5115382273660315, 0.5121800317948014, 0.512803586536666, 0.5134097387710266, 0.5139992809577707, 0.514572955334664, 0.5151314579671369, 0.515675442402654, 0.5162055229748729, 0.516722277796921, 0.5172262514780426, 0.5177179575935802, 0.5181978809345199, 0.5186664795596558, 0.5191241866706655, 0.5195714123279987, 0.5200085450234174, 0.5204359531232162, 0.5208539861945868, 0.5212629762262071, 0.5216632387529475, 0.522055073893507, 0.5224387673088883, 0.5228145910887789, 0.5231828045721925, 0.5235436551080899, 0.523897378761107, 0.5242442009670467, 0.5245843371423109, 0.524917993251073, 0.5252453663336141, 0.5255666449989439, 0.525882009884535, 0.5261916340857339, 0.5264956835571977, 0.5267943174884914, 0.5270876886557874], "MAE": [1.2156852038902526, 1.2135194279575066, 1.211411094598247, 1.2093710558062372, 1.2074015259842106, 1.2054753832343195, 1.2035931027612854, 1.201766494052011, 1.2000061995343023, 1.1983284883100374, 1.1966973872735678, 1.1951238978270067, 1.1936727633375568, 1.1922583460517044, 1.1908817651890844, 1.1895686990956766, 1.1882929134827103, 1.1870378828543489, 1.1858032854685978, 1.1845927501221925, 1.183420727924445, 1.1822747187266633, 1.181164898675551, 1.180085115844965, 1.17903677400791, 1.1780159118542695, 1.1770189863467848, 1.1760452209695795, 1.1750977696604783, 1.174166400935664, 1.173256441637163, 1.1723582763414948, 1.1714758332348765, 1.1706295361676595, 1.1698288166197355, 1.1690487523264264, 1.1682854775087768, 1.167542254403138, 1.1668214785611224, 1.1661125474364165]}