{"dim_0_values": [46050.0, 46100.0, 46150.0, 46200.0, 46250.0, 46300.0, 46350.0, 46400.0, 46450.0, 46500.0, 46550.0, 46600.0, 46650.0, 46700.0, 46750.0, 46800.0, 46850.0, 46900.0, 46950.0, 47000.0, 47050.0, 47100.0, 47150.0, 47200.0, 47250.0, 47300.0, 47350.0, 47400.0, 47450.0, 47500.0, 47550.0, 47600.0, 47650.0, 47700.0, 47750.0, 47800.0, 47850.0, 47900.0, 47950.0, 48000.0, 48050.0, 48100.0, 48150.0, 48200.0, 48250.0, 48300.0, 48350.0, 48400.0, 48450.0, 48500.0, 48550.0, 48600.0, 48650.0, 48700.0, 48750.0, 48800.0, 48850.0, 48900.0, 48950.0, 49000.0, 49050.0, 49100.0, 49150.0, 49200.0, 49250.0, 49300.0, 49350.0, 49400.0, 49450.0, 49500.0, 49550.0, 49600.0, 49650.0, 49700.0, 49750.0, 49800.0, 49850.0, 49900.0, 49950.0, 50000.0, 50050.0, 50100.0, 50150.0, 50200.0, 50250.0, 50300.0, 50350.0, 50400.0, 50450.0, 50500.0, 50550.0, 50600.0, 50650.0, 50700.0, 50750.0, 50800.0, 50850.0, 50900.0, 50950.0, 51000.0, 51050.0, 51100.0, 51150.0, 51200.0, 51250.0, 51300.0, 51350.0, 51400.0, 51450.0, 51500.0, 51550.0, 51600.0, 51650.0, 51700.0, 51750.0, 51800.0, 51850.0, 51900.0, 51950.0, 52000.0, 52050.0, 52100.0, 52150.0, 52200.0, 52250.0, 52300.0, 52350.0, 52400.0, 52450.0, 52500.0, 52550.0, 52600.0, 52650.0, 52700.0, 52750.0, 52800.0, 52850.0, 52900.0, 52950.0, 53000.0, 53050.0, 53100.0, 53150.0, 53200.0, 53250.0, 53300.0, 53350.0, 53400.0, 53450.0, 53500.0, 53550.0, 53600.0, 53650.0, 53700.0, 53750.0, 53800.0, 53850.0, 53900.0, 53950.0, 54000.0, 54050.0, 54100.0, 54150.0, 54200.0, 54250.0, 54300.0, 54350.0, 54400.0, 54450.0, 54500.0, 54550.0, 54600.0, 54650.0, 54700.0, 54750.0, 54800.0, 54850.0, 54900.0, 54950.0, 55000.0, 55050.0, 55100.0, 55150.0, 55200.0, 55250.0, 55300.0, 55350.0, 55400.0, 55450.0, 55500.0, 55550.0, 55600.0, 55650.0, 55700.0, 55750.0, 55800.0, 55850.0, 55900.0, 55950.0, 56000.0, 56050.0, 56100.0, 56150.0, 56200.0, 56250.0, 56300.0, 56350.0, 56400.0, 56450.0, 56500.0, 56550.0, 56600.0, 56650.0, 56700.0, 56750.0, 56800.0, 56850.0, 56900.0, 56950.0, 57000.0, 57050.0, 57100.0, 57150.0], "dim_0_label": "lambda", "correlation": [0.47483098948189034, 0.47483536826819706, 0.47483971735236147, 0.47484403682161025, 0.4748483267628611, 0.47485258726272234, 0.4748568184074959, 0.47486102028317734, 0.47486519297545854, 0.47486933656972785, 0.47487345115107193, 0.4748775368042773, 0.47488159361383103, 0.4748856216639229, 0.47488962103844573, 0.47489359182099783, 0.47489753409488283, 0.4749014479431128, 0.47490533344840746, 0.4749091906931973, 0.4749130197596238, 0.4749168207295408, 0.4749205936845161, 0.47492433870583245, 0.47492805587448894, 0.47493174527120186, 0.4749354069764064, 0.4749390410702577, 0.47494264763263194, 0.4749462267431278, 0.47494977848106706, 0.4749533029254969, 0.4749568001551898, 0.47496027024864584, 0.4749637132840931, 0.474967129339489, 0.47497051849252153, 0.47497388082061137, 0.47497721640091073, 0.4749805253103068, 0.4749838076254216, 0.4749870634226136, 0.4749902927779788, 0.4749934957673516, 0.47499667246630606, 0.4749998229501576, 0.4750029472939626, 0.4750060455725213, 0.47500911786037747, 0.47501216423182036, 0.47501518476088556, 0.47501817952135555, 0.47502114858676187, 0.4750240920303848, 0.4750270099252559, 0.47502990234415776, 0.47503276935962563, 0.475035611043949, 0.4750384274691711, 0.475041218707092, 0.47504398482926774, 0.47504672590701236, 0.4750494420113988, 0.47505213321325995, 0.47505479958318925, 0.47505744119154214, 0.47506005810843654, 0.4750626504037546, 0.47506521814714336, 0.4750677614080151, 0.47507028025554904, 0.47507277475869253, 0.47507524498616127, 0.4750776910064403, 0.475080112887786, 0.4750825106982257, 0.4750848845055595, 0.4750872343773607, 0.47508956038097755, 0.4750918625835329, 0.4750941410519263, 0.47509639585283414, 0.47509862705271144, 0.4751008347177912, 0.4751030189140876, 0.47510517970739474, 0.47510731716328874, 0.47510943134712824, 0.4751115223240553, 0.4751135901589965, 0.47511563491666353, 0.47511765666155464, 0.4751196554579545, 0.4751216313699359, 0.47512358446136027, 0.47512551479587917, 0.47512742243693423, 0.47512930744775805, 0.4751311698913759, 0.4751330098306059, 0.47513482732806, 0.4751366224461448, 0.47513839524706253, 0.47514014579281155, 0.4751418741451876, 0.47514358036578425, 0.4751452645159939, 0.47514692665700853, 0.4751485668498207, 0.4751501851552239, 0.475151781633814, 0.4751533563459895, 0.47515490935195204, 0.4751564407117085, 0.47515795048507026, 0.4751594387316551, 0.4751609055108872, 0.4751623508819985, 0.47516377490402883, 0.4751651776358276, 0.47516655913605343, 0.47516791946317605, 0.475169258675476, 0.47517057683104613, 0.4751718739877923, 0.4751731502034333, 0.47517440553550283, 0.4751756400413494, 0.4751768537781369, 0.4751780468028465, 0.4751792191722758, 0.47518037094304055, 0.4751815021715755, 0.47518261291413433, 0.4751837032267911, 0.47518477316544033, 0.4751858227857983, 0.47518685214340356, 0.47518786129361684, 0.4751888502916235, 0.4751898191924324, 0.47519076805087773, 0.4751916969216189, 0.47519260585914247, 0.475193494917761, 0.47519436415161537, 0.4751952136146748, 0.47519604336073723, 0.47519685344343027, 0.47519764391621233, 0.4751984148323723, 0.4751991662450313, 0.4751998982071421, 0.4752006107714909, 0.47520130399069743, 0.4752019779172156, 0.475202632603334, 0.47520326810117747, 0.4752038844627064, 0.475204481739718, 0.4752050599838472, 0.47520561924656674, 0.47520615957918805, 0.4752066810328624, 0.47520718365858006, 0.4752076675071726, 0.47520813262931233, 0.47520857907551356, 0.4752090068961327, 0.47520941614136936, 0.47520980686126646, 0.47521017910571134, 0.4752105329244362, 0.47521086836701804, 0.4752111854828804, 0.47521148432129295, 0.4752117649313727, 0.47521202736208423, 0.47521227166224045, 0.475212497880503, 0.4752127060653833, 0.4752128962652421, 0.47521306852829126, 0.47521322290259366, 0.47521335943606374, 0.4752134781764685, 0.475213579171427, 0.47521366246841273, 0.47521372811475193, 0.47521377615762644, 0.47521380664407226, 0.4752138196209813, 0.4752138151351016, 0.4752137932330376, 0.47521375396125115, 0.4752136973660617, 0.4752136234936472, 0.47521353239004405, 0.47521342410114786, 0.4752132986727144, 0.4752131561503598, 0.4752129965795607, 0.4752128200056555, 0.4752126264738442, 0.47521241602918957, 0.4752121887166171, 0.47521194458091576, 0.4752116836667383, 0.47521140601860234, 0.47521111168089003, 0.47521080069784927, 0.47521047311359377, 0.4752101289721038, 0.4752097683172262, 0.4752093911926759, 0.47520899764203534, 0.47520858770875524, 0.4752081614361558, 0.4752077188674257, 0.4752072600456245, 0.47520678501368147, 0.4752062938143966, 0.4752057864904415],