{"dim_0_values": [25050.0, 25100.0, 25150.0, 25200.0, 25250.0, 25300.0, 25350.0, 25400.0, 25450.0, 25500.0, 25550.0, 25600.0, 25650.0, 25700.0, 25750.0, 25800.0, 25850.0, 25900.0, 25950.0, 26000.0, 26050.0, 26100.0, 26150.0, 26200.0, 26250.0, 26300.0, 26350.0, 26400.0, 26450.0, 26500.0, 26550.0, 26600.0, 26650.0, 26700.0, 26750.0, 26800.0, 26850.0, 26900.0, 26950.0, 27000.0, 27050.0, 27100.0, 27150.0, 27200.0, 27250.0, 27300.0, 27350.0, 27400.0, 27450.0, 27500.0, 27550.0, 27600.0, 27650.0, 27700.0, 27750.0, 27800.0, 27850.0, 27900.0, 27950.0, 28000.0], "dim_0_label": "lambda", "correlation": [0.4647471738104073, 0.4647688212283184, 0.46479035513492883, 0.46481177608408447, 0.4648330846260388, 0.4648542813074817, 0.46487536667157003, 0.46489634125795587, 0.46491720560281663, 0.46493796023888234, 0.4649586056954658, 0.46497914249848865, 0.4649995711705112, 0.46501989223075774, 0.4650401061951461, 0.4650602135763131, 0.46508021488364126, 0.46510011062328666, 0.465119901298203, 0.46513958740816963, 0.46515916944981556, 0.46517864791664587, 0.46519802329906645, 0.4652172960844089, 0.46523646675695546, 0.465255535797963, 0.46527450368568807, 0.46529337089540923, 0.46531213789945264, 0.46533080516721437, 0.4653493731651839, 0.4653678423569671, 0.4653862132033094, 0.4654044861621179, 0.46542266168848384, 0.46544074023470516, 0.46545872225030777, 0.46547660818206776, 0.4654943984740327, 0.4655120935675431, 0.4655296939012532, 0.46554719991115273, 0.4655646120305859, 0.4655819306902742, 0.4655991563183344, 0.4656162893403003, 0.4656333301791424, 0.46565027925528696, 0.4656671369866358, 0.46568390378858615, 0.4657005800740496, 0.46571716625347076, 0.4657336627348465, 0.4657500699237443, 0.46576638822332095, 0.46578261803434134, 0.4657987597551949, 0.4658148137819158, 0.46583078050819937, 0.4658466603254195], "MAE": [2.5725802842865613, 2.5724998307504916, 2.5724205230009565, 2.5723438091206505, 2.5722672584311095, 2.572190870286424, 2.5721146440444334, 2.5720385790666995, 2.571964998448815, 2.571893564620823, 2.5718222797537624, 2.5717511432650197, 2.571680154575331, 2.5716093131087536, 2.5715386182926436, 2.571468069557628, 2.571399041608021, 2.571331691984728, 2.571264479768038, 2.5711974044293293, 2.5711304654429705, 2.571063662286294, 2.570996994439576, 2.5709304613860158, 2.5708640626117103, 2.5707977976056378, 2.5707316658596326, 2.570665666868367, 2.57059980012933, 2.5705340651428044, 2.570468461411849, 2.5704029884422788, 2.570337645742643, 2.5702724328242046, 2.570207349200925, 2.5701423943894395, 2.5700781848187617, 2.570015537491164, 2.5699530130410597, 2.5698906110168553, 2.569828330969402, 2.5697661724519727, 2.56970500983214, 2.5696447905231428, 2.56958558972354, 2.569526501394209, 2.569467525136587, 2.569408660554199, 2.5693499072526467, 2.569291264839595, 2.569232732924754, 2.5691743111198693, 2.5691176722621263, 2.5690611386554645, 2.5690047089455343, 2.5689483827743986, 2.568892159785959, 2.568836039625941, 2.56878002194188, 2.5687241063831134]}