{"dim_0_values": [175.0, 203.44827586206895, 231.89655172413794, 260.34482758620686, 288.7931034482759, 317.2413793103448, 345.6896551724138, 374.1379310344828, 402.58620689655174, 431.0344827586207, 459.48275862068965, 487.9310344827586, 516.3793103448276, 544.8275862068965, 573.2758620689656, 601.7241379310344, 630.1724137931035, 658.6206896551723, 687.0689655172414, 715.5172413793103, 743.9655172413793, 772.4137931034483, 800.8620689655172, 829.3103448275862, 857.7586206896551, 886.2068965517241, 914.655172413793, 943.1034482758621, 971.551724137931, 1000.0], "dim_0_label": "lambda", "correlation": [0.3696752942707319, 0.37536549515230283, 0.38046471573997726, 0.38507734381243464, 0.3892823776310262, 0.3931410970080229, 0.3967020231500382, 0.40000424634136783, 0.40307972911805934, 0.40595494320960274, 0.40865205990449416, 0.4111898331117655, 0.4135842660427974, 0.4158491224165595, 0.41799632391955366, 0.42003626309947184, 0.4219780524685339, 0.42382972485334613, 0.4255983960370876, 0.4272903979182294, 0.42891138838547543, 0.4304664426354781, 0.43196012957482666, 0.43339657613884297, 0.4347795217504446, 0.43611236467849346, 0.4373982016989649, 0.4386398621862652, 0.4398399375465417, 0.4410008067351752], "MAE": [1.430289379738019, 1.4093832377396567, 1.3909755497086258, 1.3748420440186309, 1.3604016910323025, 1.3474962997099202, 1.3359036177540133, 1.325422890711542, 1.3156793665683668, 1.3065673360318761, 1.2980855247307885, 1.2901642134147007, 1.2828727073306936, 1.2760923692991284, 1.2697373053261822, 1.2637636685538722, 1.2580791311081945, 1.2527017887693146, 1.2476650497802062, 1.2428427737585297, 1.2383038402399438, 1.2339629631879865, 1.2297899798010958, 1.225794944235012, 1.2219537163296104, 1.218295577771955, 1.2147568770894184, 1.2113622999814593, 1.208088163653725, 1.2049426579208993]}