{"dim_0_values": [4050.0, 4100.0, 4150.0, 4200.0, 4250.0, 4300.0, 4350.0, 4400.0, 4450.0, 4500.0, 4550.0, 4600.0, 4650.0, 4700.0, 4750.0, 4800.0, 4850.0, 4900.0, 4950.0, 5000.0, 5050.0, 5100.0, 5150.0, 5200.0, 5250.0, 5300.0, 5350.0, 5400.0, 5450.0, 5500.0, 5550.0, 5600.0, 5650.0, 5700.0, 5750.0, 5800.0, 5850.0, 5900.0, 5950.0, 6000.0, 6050.0, 6100.0, 6150.0, 6200.0, 6250.0, 6300.0, 6350.0, 6400.0, 6450.0, 6500.0, 6550.0, 6600.0, 6650.0, 6700.0, 6750.0, 6800.0, 6850.0, 6900.0, 6950.0, 7000.0], "dim_0_label": "lambda", "correlation": [0.49001096080903656, 0.49036959114381945, 0.4907225825730776, 0.49107008367254434, 0.49141223738541756, 0.49174918129759226, 0.4920810478965458, 0.4924079648150189, 0.49273005506053724, 0.4930474372317424, 0.4933602257224126, 0.49366853091400525, 0.4939724593574715, 0.4942721139450466, 0.49456759407266376, 0.494858995793595, 0.495146411963869, 0.4954299323799894, 0.4957096439094264, 0.49598563061433076, 0.4962579738688822, 0.4965267524706549, 0.4967920427463618, 0.49705391865230814, 0.497312451869866, 0.4975677118962615, 0.49781976613094037, 0.49806867995777176, 0.498314516823318, 0.4985573383114004, 0.49879720421415696, 0.49903417259979643, 0.4992682998772215, 0.49949964085769427, 0.4997282488137039, 0.49995417553518323, 0.5001774713832182, 0.500398185341378, 0.5006163650647918, 0.5008320569270888, 0.5010453060653112, 0.5012561564228993, 0.5014646507908536, 0.5016708308471564, 0.5018747371945464, 0.5020764093967222, 0.5022758860130575, 0.5024732046318908, 0.5026684019024706, 0.5028615135656095, 0.5030525744831119, 0.5032416186660399, 0.5034286793018584, 0.503613788780523, 0.503796978719555, 0.5039782799881466, 0.5041577227303506, 0.50433533638738, 0.5045111497190746, 0.504685190824558], "MAE": [1.0919508311883765, 1.091289258492577, 1.090635001317751, 1.0899890579971314, 1.089353849501514, 1.0887333978447227, 1.0881245806391202, 1.0875220876445435, 1.0869257907334922, 1.0863355657493823, 1.08575129234098, 1.085172853805473, 1.0846021019838346, 1.0840395110287215, 1.083482336216104, 1.0829304763410337, 1.0823894483907206, 1.0818599085607707, 1.0813446889907037, 1.0808383413076117, 1.0803480740958655, 1.079864872581632, 1.079402436062522, 1.0789445496910488, 1.0784917817609685, 1.0780485962618505, 1.0776126795087289, 1.077180338769681, 1.0767515163922545, 1.076326156169408, 1.0759042032901578, 1.0754933680395797, 1.0750896952276854, 1.0746891624034538, 1.0742917218036558, 1.0738973267944647, 1.073505931835013, 1.0731174924424354, 1.0727319651583211, 1.0723493075165094, 1.0719703467322943, 1.071599036526325, 1.071230412498338, 1.0708644371177116, 1.0705010736677567, 1.0701402862215472, 1.0697820396186533, 1.0694262994427477, 1.0690730320000412, 1.0687255238448825, 1.0683842159090937, 1.068047498522077, 1.067714028496208, 1.0673853101414421, 1.0670588948196638, 1.06673461676392, 1.0664124492654403, 1.0660923661321928, 1.0657796669123156, 1.0654691654438617]}