{"dim_0_values": [2050.0, 2100.0, 2150.0, 2200.0, 2250.0, 2300.0, 2350.0, 2400.0, 2450.0, 2500.0, 2550.0, 2600.0, 2650.0, 2700.0, 2750.0, 2800.0, 2850.0, 2900.0, 2950.0, 3000.0, 3050.0, 3100.0, 3150.0, 3200.0, 3250.0, 3300.0, 3350.0, 3400.0, 3450.0, 3500.0, 3550.0, 3600.0, 3650.0, 3700.0, 3750.0, 3800.0, 3850.0, 3900.0, 3950.0, 4000.0], "dim_0_label": "lambda", "correlation": [0.39627840288808625, 0.39717621897928296, 0.3980517067337729, 0.3989058208917019, 0.39973945723452015, 0.40055345734618103, 0.40134861290051416, 0.4021256695306325, 0.40288533032865553, 0.40362825901759425, 0.4043550828317919, 0.4050663951376536, 0.4057627578224282, 0.4064447034753666, 0.40711273738265313, 0.4077673393549578, 0.40840896540426275, 0.409038049284694, 0.4096550039104455, 0.4102602226624129, 0.4108540805938984, 0.4114369355446331, 0.4120091291713807, 0.41257098790253305, 0.4131228238233449, 0.4136649354977845, 0.4141976087323804, 0.4147211172869283, 0.4152357235364275, 0.41574167908823434, 0.41623922535800845, 0.416728594107731, 0.4172100079487443, 0.41768368081252016, 0.4181498183916038, 0.4186086185529817, 0.41906027172591587, 0.41950496126611253, 0.41994286379794354, 0.42037414953628394], "MAE": [2.9101926315462108, 2.904420982087645, 2.8988317499346605, 2.893407785275373, 2.8881909620369695, 2.8831566080502555, 2.8782538548918932, 2.873473688406706, 2.8687914916355886, 2.864246907051861, 2.8597988911660797, 2.8554683956880162, 2.8512723841196235, 2.84722816438319, 2.843284608043533, 2.8394105190847987, 2.8356256402649165, 2.8319162548248933, 2.828270106537018, 2.8246918136805017, 2.821172051157593, 2.817722068994861, 2.814365684822696, 2.8110757723202977, 2.807857915228204, 2.8047322897406093, 2.8016761149567717, 2.7986904159298494, 2.7957845711404743, 2.7929778842923416, 2.7902266989424134, 2.787516242834088, 2.7848676826304426, 2.7822549624925346, 2.779677184533883, 2.7771443284906674, 2.774661609857328, 2.772232790555821, 2.769838133949097, 2.7674965864113017]}