{"dim_0_values": [34050.0, 34100.0, 34150.0, 34200.0, 34250.0, 34300.0, 34350.0, 34400.0, 34450.0, 34500.0, 34550.0, 34600.0, 34650.0, 34700.0, 34750.0, 34800.0, 34850.0, 34900.0, 34950.0, 35000.0, 35050.0, 35100.0, 35150.0, 35200.0, 35250.0, 35300.0, 35350.0, 35400.0, 35450.0, 35500.0, 35550.0, 35600.0, 35650.0, 35700.0, 35750.0, 35800.0, 35850.0, 35900.0, 35950.0, 36000.0, 36050.0, 36100.0, 36150.0, 36200.0, 36250.0, 36300.0, 36350.0, 36400.0, 36450.0, 36500.0, 36550.0, 36600.0, 36650.0, 36700.0, 36750.0, 36800.0, 36850.0, 36900.0, 36950.0, 37000.0, 37050.0, 37100.0, 37150.0, 37200.0, 37250.0, 37300.0, 37350.0, 37400.0, 37450.0, 37500.0, 37550.0, 37600.0, 37650.0, 37700.0, 37750.0, 37800.0, 37850.0, 37900.0, 37950.0, 38000.0, 38050.0, 38100.0, 38150.0, 38200.0, 38250.0, 38300.0, 38350.0, 38400.0, 38450.0, 38500.0, 38550.0, 38600.0, 38650.0, 38700.0, 38750.0, 38800.0, 38850.0, 38900.0, 38950.0, 39000.0, 39050.0, 39100.0, 39150.0, 39200.0, 39250.0, 39300.0, 39350.0, 39400.0, 39450.0, 39500.0, 39550.0, 39600.0, 39650.0, 39700.0, 39750.0, 39800.0, 39850.0, 39900.0, 39950.0, 40000.0, 40050.0, 40100.0, 40150.0, 40200.0, 40250.0, 40300.0, 40350.0, 40400.0, 40450.0, 40500.0, 40550.0, 40600.0, 40650.0, 40700.0, 40750.0, 40800.0, 40850.0, 40900.0, 40950.0, 41000.0, 41050.0, 41100.0, 41150.0, 41200.0, 41250.0, 41300.0, 41350.0, 41400.0, 41450.0, 41500.0, 41550.0, 41600.0, 41650.0, 41700.0, 41750.0, 41800.0, 41850.0, 41900.0, 41950.0, 42000.0, 42050.0, 42100.0, 42150.0, 42200.0, 42250.0, 42300.0, 42350.0, 42400.0, 42450.0, 42500.0, 42550.0, 42600.0, 42650.0, 42700.0, 42750.0, 42800.0, 42850.0, 42900.0, 42950.0, 43000.0, 43050.0, 43100.0, 43150.0, 43200.0, 43250.0, 43300.0, 43350.0, 43400.0, 43450.0, 43500.0, 43550.0, 43600.0, 43650.0, 43700.0, 43750.0, 43800.0, 43850.0, 43900.0, 43950.0, 44000.0, 44050.0, 44100.0, 44150.0, 44200.0, 44250.0, 44300.0, 44350.0, 44400.0, 44450.0, 44500.0, 44550.0, 44600.0, 44650.0, 44700.0, 44750.0, 44800.0, 44850.0, 44900.0, 44950.0, 45000.0, 45050.0, 45100.0, 45150.0, 45200.0, 45250.0, 45300.0, 45350.0, 45400.0, 45450.0, 45500.0, 45550.0, 45600.0, 45650.0, 45700.0, 45750.0, 45800.0, 45850.0, 45900.0, 45950.0, 46000.0], "dim_0_label": "lambda", "correlation": [0.47266149725111645, 0.47267651391311316, 0.4726914662539612, 0.47270635450272985, 0.47272117888743964, 0.47273593963506766, 0.4727506369715538, 0.4727652711218062, 0.47277984230970865, 0.47279435075812515, 0.47280879668890663, 0.47282318032289655, 0.47283750187993706, 0.4728517615788746, 0.47286595963756495, 0.47288009627288047, 0.4728941717007144, 0.4729081861359874, 0.472922139792653, 0.4729360328837016, 0.4729498656211691, 0.4729636382161395, 0.47297735087875203, 0.4729910038182053, 0.47300459724276406, 0.47301813135976345, 0.4730316063756146, 0.47304502249581, 0.4730583799249287, 0.47307167886664164, 0.47308491952371595, 0.4730981020980212, 0.4731112267905337, 0.4731242938013425, 0.47313730332965237, 0.47315025557379115, 0.47316315073121307, 0.47317598899850477, 0.4731887705713888, 0.4732014956447299, 0.4732141644125387, 0.4732267770679771, 0.4732393338033628, 0.4732518348101739, 0.47326428027905376, 0.4732766703998154, 0.4732890053614466, 0.47330128535211363, 0.47331351055916665, 0.47332568116914364, 0.4733377973677752, 0.47334985933998863, 0.47336186726991325, 0.4733738213408833, 0.4733857217354436, 0.4733975686353528, 0.4734093622215895, 0.47342110267435417, 0.47343279017307505, 0.47344442489641164, 0.47345600702225893, 0.4734675367277523, 0.4734790141892703, 0.47349043958243997, 0.47350181308214057, 0.4735131348625067, 0.4735244050969339, 0.47353562395808196, 0.4735467916178779, 0.4735579082475216, 0.4735689740174886, 0.47357998909753435, 0.4735909536566978, 0.4736018678633058, 0.4736127318849763, 0.47362354588862265, 0.4736343100404567, 0.4736450245059934, 0.4736556894500534, 0.47366630503676815, 0.4736768714295824, 0.4736873887912583, 0.4736978572838788, 0.47370827706885177, 0.47371864830691257, 0.4737289711581291, 0.4737392457819034, 0.473749472336977, 0.4737596509814336, 0.47376978187270175, 0.4737798651675597, 0.4737899010221377, 0.47379988959192265, 0.4738098310317596, 0.47381972549585677, 0.47382957313778823, 0.473839374110497, 0.47384912856629857, 0.4738588366568842, 0.4738684985333244, 0.4738781143460713, 0.4738876842449625, 0.4738972083792249, 0.47390668689747556, 0.47391611994772814, 0.4739255076773928, 0.47393485023328163, 0.47394414776161053, 0.4739534004080024, 0.4739626083174907, 0.4739717716345219, 0.4739808905029589, 0.4739899650660836, 0.4739989954666002, 0.47400798184663784, 0.474016924347754, 0.47402582311093716, 0.4740346782766093, 0.4740434899846292, 0.47405225837429554, 0.4740609835843491, 0.4740696657529757, 0.4740783050178097, 0.4740869015159362, 0.47409545538389297, 0.4741039667576757, 0.47411243577273765, 0.47412086256399477, 0.47412924726582706, 0.4741375900120817, 0.4741458909360759, 0.47415415017059903, 0.4741623678479159, 0.47417054409976866, 0.47417867905738026, 0.47418677285145583, 0.47419482561218673, 0.47420283746925174, 0.4742108085518208, 0.4742187389885564, 0.4742266289076166, 0.474234478436658, 0.47424228770283755, 0.47425005683281474, 0.4742577859527553, 0.47426547518833245, 0.4742731246647297, 0.4742807345066433, 0.47428830483828455, 0.47429583578338247, 0.47430332746518566, 0.474310780006465, 0.4743181935295159, 0.4743255681561603, 0.47433290400775013, 0.4743402012051675, 0.4743474598688292, 0.47435468011868753, 0.4743618620742331, 0.474369005854497, 0.47437611157805276, 0.4743831793630194, 0.4743902093270622, 0.4743972015873963, 0.4744041562607879, 0.4744110734635569, 0.47441795331157904, 0.474424795920288, 0.4744316014046769, 0.47443836987930155, 0.4744451014582816, 0.4744517962553032, 0.47445845438362044, 0.4744650759560583, 0.4744716610850139, 0.47447820988245876, 0.47448472245994106, 0.4744911989285876, 0.4744976393991052, 0.4745040439817837, 0.4745104127864973, 0.47451674592270626, 0.47452304349945973, 0.47452930562539675, 0.4745355324087488, 0.4745417239573415, 0.4745478803785969, 0.4745540017795344, 0.47456008826677365, 0.474566139946536, 0.47457215692464655, 0.47457813930653525, 0.4745840871972403, 0.47459000070140805, 0.4745958799232966, 0.4746017249667763, 0.4746075359353324, 0.4746133129320664, 0.4746190560596978, 0.47462476542056614, 0.474630441116633, 0.4746360832494826, 0.47464169192032485, 0.47464726722999656, 0.47465280927896303, 0.4746583181673199, 0.4746637939947948, 0.47466923686074947, 0.47467464686418054, 0.47468002410372184, 0.47468536867764616, 0.4746906806838665, 0.4746959602199382, 0.4747012073830599, 0.4747064222700758, 0.4747116049774769, 0.47471675560140275, 0.4747218742376431, 0.4747269609816397, 0.47473201592848696, 0.4747370391729347, 0.47474203080938915, 0.4747469909319145, 0.47475191963423397, 0.4747568170097329, 0.4747616831514584, 0.47476651815212206, 0.4747713221041013, 0.4747760950994402, 0.4747808372298521, 0.47478554858672, 0.4747902292610988, 0.47479487934371656, 0.4747994989249758, 0.47480408809495495, 0.47480864694341, 0.4748131755597761, 0.47481767403316827, 0.4748221424523838, 0.47482658090590285],