{"dim_0_values": [7050.0, 7100.0, 7150.0, 7200.0, 7250.0, 7300.0, 7350.0, 7400.0, 7450.0, 7500.0, 7550.0, 7600.0, 7650.0, 7700.0, 7750.0, 7800.0, 7850.0, 7900.0, 7950.0, 8000.0, 8050.0, 8100.0, 8150.0, 8200.0, 8250.0, 8300.0, 8350.0, 8400.0, 8450.0, 8500.0, 8550.0, 8600.0, 8650.0, 8700.0, 8750.0, 8800.0, 8850.0, 8900.0, 8950.0, 9000.0, 9050.0, 9100.0, 9150.0, 9200.0, 9250.0, 9300.0, 9350.0, 9400.0, 9450.0, 9500.0, 9550.0, 9600.0, 9650.0, 9700.0, 9750.0, 9800.0, 9850.0, 9900.0, 9950.0, 10000.0], "dim_0_label": "lambda", "correlation": [0.4827557937161675, 0.48289947355649004, 0.48304167731438863, 0.48318242668290207, 0.48332174288222673, 0.48345964667341745, 0.4835961583715972, 0.4837312978586984, 0.48386508459575267, 0.4839975376347503, 0.4841286756300846, 0.4842585168496011, 0.48438707918526636, 0.4845143801634723, 0.4846404369549896, 0.4847652663845872, 0.48488888494032756, 0.4850113087825526, 0.4851325537525736, 0.48525263538107394, 0.48537156889623817, 0.48548936923161623, 0.4856060510337356, 0.48572162866946716, 0.48583611623315787, 0.4859495275535374, 0.48606187620040614, 0.486173175491117, 0.4862834384968501, 0.4863926780487007, 0.4865009067435732, 0.48660813694990046, 0.4867143808131864, 0.4868196502613814, 0.48692395701009833, 0.48702731256767146, 0.48712972824006523, 0.4872312151356391, 0.4873317841697729, 0.48743144606935523, 0.4875302113771446, 0.4876280904560032, 0.4877250934930101, 0.4878212305034555, 0.48791651133472536, 0.4880109456700719, 0.4881045430322828, 0.4881973127872452, 0.4882892641474119, 0.48838040617517264, 0.48847074778613125, 0.4885602977522959, 0.48864906470518, 0.48873705713882104, 0.4888242834127197, 0.48891075175469667, 0.48899647026367776, 0.48908144691240263, 0.4891656895500636, 0.48924920590487564], "MAE": [1.0483649377283222, 1.0479961856548423, 1.047629540048245, 1.0472655288473494, 1.046905318837782, 1.046547126866067, 1.0461909323603031, 1.0458367150627892, 1.045484455023488, 1.0451380447944312, 1.044793904244241, 1.0444517072174695, 1.0441130619426127, 1.0437805431328773, 1.0434498173235285, 1.0431244808319353, 1.0428068311685075, 1.0424908969744353, 1.042177564074495, 1.0418658466464081, 1.0415592955808792, 1.0412562119426, 1.0409578690857477, 1.0406618744394827, 1.0403673666348925, 1.0400743322797135, 1.0397838923414366, 1.039498343952846, 1.0392206517981004, 1.038944289918298, 1.0386692470717644, 1.0383966474969135, 1.0381283484832167, 1.0378613031241102, 1.0375974501111054, 1.0373365530782703, 1.037078684358409, 1.0368257211541159, 1.0365763291432428, 1.0363280613881016, 1.0360823635111047, 1.035840609272931, 1.0355999251155537, 1.035360302754364, 1.035122054795977, 1.0348881370429126, 1.034655233604964, 1.0344233368377822, 1.0341924391791262, 1.0339632249588409, 1.0337378065724243, 1.0335133464884259, 1.0332903890026797, 1.0330706676262464, 1.0328518747182847, 1.0326340034610493, 1.0324170471083038, 1.0322009989843448, 1.0319858524830439, 1.031771601066903]}