{"dim_0_values": [175.0, 203.44827586206895, 231.89655172413794, 260.34482758620686, 288.7931034482759, 317.2413793103448, 345.6896551724138, 374.1379310344828, 402.58620689655174, 431.0344827586207, 459.48275862068965, 487.9310344827586, 516.3793103448276, 544.8275862068965, 573.2758620689656, 601.7241379310344, 630.1724137931035, 658.6206896551723, 687.0689655172414, 715.5172413793103, 743.9655172413793, 772.4137931034483, 800.8620689655172, 829.3103448275862, 857.7586206896551, 886.2068965517241, 914.655172413793, 943.1034482758621, 971.551724137931, 1000.0], "dim_0_label": "lambda", "correlation": [0.31456814454251664, 0.3184227644147538, 0.3219216999133034, 0.32513013620330056, 0.32809618306184724, 0.3308564201697452, 0.3334393581794938, 0.33586768825700714, 0.33815979526826256, 0.34033080610237765, 0.342393334764231, 0.344358023950483, 0.3462339465664871, 0.34802890869042, 0.34974968180238464, 0.3514021833328262, 0.35299161884032915, 0.3545225952827241, 0.3559992122202088, 0.35742513596538916, 0.3588036604078909, 0.3601377573188057, 0.3614301182706473, 0.36268318981589937, 0.3638992032008869, 0.36508019961615784, 0.3662280517751995, 0.3673444824527877, 0.368431080490086, 0.3694893146766752], "MAE": [3.6761071628131194, 3.6238993461697926, 3.5780511916348696, 3.5378527544220946, 3.501872785396393, 3.4696542252761935, 3.4401294270557874, 3.413280957650593, 3.3890015635050124, 3.366393526007681, 3.3453796662435433, 3.3255252929875816, 3.3068179280067658, 3.2893899774928554, 3.27297699289922, 3.2574900313688735, 3.2430513074643548, 3.2294274342341995, 3.2166733455977337, 3.2046109563115404, 3.193088297080489, 3.182050876055255, 3.171476526305368, 3.161345638971403, 3.1515856631395853, 3.1421855467526068, 3.1330884964172574, 3.1242480375204478, 3.1156477944898042, 3.1072968717438387]}