{"dim_0_values": [7050.0, 7100.0, 7150.0, 7200.0, 7250.0, 7300.0, 7350.0, 7400.0, 7450.0, 7500.0, 7550.0, 7600.0, 7650.0, 7700.0, 7750.0, 7800.0, 7850.0, 7900.0, 7950.0, 8000.0, 8050.0, 8100.0, 8150.0, 8200.0, 8250.0, 8300.0, 8350.0, 8400.0, 8450.0, 8500.0, 8550.0, 8600.0, 8650.0, 8700.0, 8750.0, 8800.0, 8850.0, 8900.0, 8950.0, 9000.0, 9050.0, 9100.0, 9150.0, 9200.0, 9250.0, 9300.0, 9350.0, 9400.0, 9450.0, 9500.0, 9550.0, 9600.0, 9650.0, 9700.0, 9750.0, 9800.0, 9850.0, 9900.0, 9950.0, 10000.0], "dim_0_label": "lambda", "correlation": [0.4372639961332658, 0.4374020931385713, 0.43753836214263747, 0.4376728335111695, 0.4378055369335343, 0.4379365014418765, 0.4380657554295811, 0.43819332666910404, 0.43831924232919894, 0.43844352899156325, 0.43856621266692636, 0.43868731881060335, 0.43880687233753274, 0.4389248976368208, 0.4390414185858099, 0.4391564585636907, 0.43927004046467244, 0.4393821867107335, 0.43949291926396256, 0.4396022596385094, 0.43971022891215744, 0.4398168477375352, 0.4399221363529765, 0.4400261145930438, 0.4401288018987288, 0.4402302173273383, 0.44033037956207943, 0.44042930692135496, 0.44052701736777666, 0.4406235285169108, 0.44071885764575974, 0.44081302170099507, 0.440906037306945, 0.4409979207733501, 0.4410886881028902, 0.4411783549984951, 0.4412669368704414, 0.44135444884324887, 0.4414409057623762, 0.4415263222007293, 0.44161071246498357, 0.44169409060172937, 0.4417764704034454, 0.4418578654143046, 0.441938288935821, 0.4420177540323393, 0.44209627353637404, 0.44217386005380466, 0.4422505259689274, 0.4423262834493711, 0.4424011444508816, 0.44247512072197814, 0.4425482238084844, 0.44262046505794106, 0.4426918556238999, 0.4427624064701075, 0.442832128374579, 0.44290103193356345, 0.44296912756541107, 0.44303642551433625], "MAE": [5.413128884813269, 5.41221608801969, 5.411310320332335, 5.410411482604833, 5.409519477700487, 5.40864232154234, 5.407779984000715, 5.406924021391822, 5.406074346866354, 5.405230875275232, 5.404395067409088, 5.4035683424528145, 5.402749327347653, 5.401947119279133, 5.401150517373402, 5.400359449067706, 5.399587533389144, 5.39882307084299, 5.398063794281994, 5.397309637856185, 5.396569892287343, 5.395840253256282, 5.395115472073595, 5.394395488262676, 5.39368024243328, 5.392976339512756, 5.392278528168255, 5.391587049340854, 5.390909031079596, 5.390236364944097, 5.389574247057063, 5.388926775293711, 5.388302130718883, 5.387682049719943, 5.387081922429073, 5.386485336155197, 5.385892250815601, 5.385308234747951, 5.384767728704033, 5.384252277115857, 5.38375336296268, 5.38325721111419, 5.3827704219555255, 5.382289057263387, 5.381810378121658, 5.38133435571416, 5.380860961676933, 5.380393171894748, 5.379928960245495, 5.379467298746733, 5.379008160651465, 5.3785515196212454, 5.378097349718043, 5.377645625396331, 5.377210309674295, 5.376789233364807, 5.376374549561636, 5.375967653124342, 5.375562929367506, 5.375166759861034]}