{"dim_0_values": [1050.0, 1100.0, 1150.0, 1200.0, 1250.0, 1300.0, 1350.0, 1400.0, 1450.0, 1500.0, 1550.0, 1600.0, 1650.0, 1700.0, 1750.0, 1800.0, 1850.0, 1900.0, 1950.0, 2000.0], "dim_0_label": "lambda", "correlation": [0.37128458087413796, 0.37300306585432724, 0.3746506712027146, 0.37623263501024673, 0.3777536295844011, 0.3792178415194573, 0.38062903786334557, 0.3819906212173016, 0.38330567594531556, 0.3845770071817867, 0.3858071739595794, 0.38699851750319203, 0.38815318551935263, 0.38927315315331484, 0.39036024115126117, 0.3914161316688299, 0.3924423820862576, 0.393440437127284, 0.3944116395280913, 0.39535723946147533], "MAE": [3.0931200295572436, 3.079571832943683, 3.0667260741426325, 3.054648629738527, 3.0431053702120634, 3.032151477365183, 3.021630915244465, 3.0115836063272154, 3.001910994534417, 2.992597006220346, 2.9835874483933926, 2.9748874329606743, 2.9664932480197117, 2.9584714855643752, 2.9506943341065046, 2.9431510718469007, 2.935882731734997, 2.929106933175761, 2.9225796136149795, 2.916269362172028]}