{"dim_0_values": [7050.0, 7100.0, 7150.0, 7200.0, 7250.0, 7300.0, 7350.0, 7400.0, 7450.0, 7500.0, 7550.0, 7600.0, 7650.0, 7700.0, 7750.0, 7800.0, 7850.0, 7900.0, 7950.0, 8000.0, 8050.0, 8100.0, 8150.0, 8200.0, 8250.0, 8300.0, 8350.0, 8400.0, 8450.0, 8500.0, 8550.0, 8600.0, 8650.0, 8700.0, 8750.0, 8800.0, 8850.0, 8900.0, 8950.0, 9000.0, 9050.0, 9100.0, 9150.0, 9200.0, 9250.0, 9300.0, 9350.0, 9400.0, 9450.0, 9500.0, 9550.0, 9600.0, 9650.0, 9700.0, 9750.0, 9800.0, 9850.0, 9900.0, 9950.0, 10000.0], "dim_0_label": "lambda", "correlation": [0.5048574871621285, 0.5050280655684155, 0.5051969522768318, 0.505364172935353, 0.5055297526236578, 0.5056937158696456, 0.5058560866653694, 0.5060168884824023, 0.5061761442866611, 0.5063338765527134, 0.5064901072775849, 0.5066448579940919, 0.5067981497837145, 0.5069500032890325, 0.5071004387257375, 0.5072494758942429, 0.5073971341909044, 0.5075434326188679, 0.5076883897985573, 0.5078320239778215, 0.5079743530417464, 0.5081153945221505, 0.5082551656067754, 0.5083936831481801, 0.5085309636723516, 0.5086670233870465, 0.5088018781898643, 0.5089355436760745, 0.5090680351461956, 0.509199367613342, 0.509329555810344, 0.5094586141966518, 0.5095865569650284, 0.5097133980480403, 0.5098391511243533, 0.5099638296248425, 0.5100874467385178, 0.5102100154182745, 0.5103315483864792, 0.5104520581403869, 0.5105715569574056, 0.510690056900205, 0.5108075698216815, 0.5109241073697808, 0.5110396809921808, 0.5111543019408463, 0.5112679812764529, 0.5113807298726881, 0.5114925584204333, 0.5116034774318283, 0.5117134972442269, 0.5118226280240415, 0.5119308797704851, 0.5120382623192103, 0.512144785345851, 0.5122504583694706, 0.512355290755914, 0.5124592917210771, 0.5125624703340836, 0.5126648355203822], "MAE": [1.0651606034216288, 1.0648539577916485, 1.0645516440229463, 1.0642523348446917, 1.0639558417174344, 1.0636641756570653, 1.0633763434046213, 1.0630982743940645, 1.0628217976303675, 1.062549585576238, 1.062286295868893, 1.0620244642923828, 1.0617640756973452, 1.061505115177725, 1.061247568065362, 1.0609946849196243, 1.060748002428527, 1.0605072904268267, 1.0602716182042364, 1.0600392004198693, 1.059808397460127, 1.059580362399383, 1.0593534760827663, 1.059130169909698, 1.058908265481306, 1.058687457451284, 1.0584677356562333, 1.0582490900783497, 1.0580321560053458, 1.057819983329392, 1.0576088170711055, 1.057398648264999, 1.0571894680691376, 1.0569812677627717, 1.0567770563391437, 1.0565742467457675, 1.056375088926713, 1.0561786624415632, 1.055983113404687, 1.0557884345880846, 1.0555946188546332, 1.0554016591565132, 1.055209548533662, 1.0550182801122654, 1.0548278471032813, 1.0546409159309746, 1.0544570353503009, 1.0542745788200616, 1.0540928979461297, 1.053911986640252, 1.0537318388875474, 1.0535540374280568, 1.0533779729602246, 1.053204167159506, 1.0530368607540095, 1.052872361135046, 1.052709058928785, 1.0525464202759485, 1.0523844402857325, 1.0522231141217235]}