{"dim_0_values": [10050.0, 10100.0, 10150.0, 10200.0, 10250.0, 10300.0, 10350.0, 10400.0, 10450.0, 10500.0, 10550.0, 10600.0, 10650.0, 10700.0, 10750.0, 10800.0, 10850.0, 10900.0, 10950.0, 11000.0, 11050.0, 11100.0, 11150.0, 11200.0, 11250.0, 11300.0, 11350.0, 11400.0, 11450.0, 11500.0, 11550.0, 11600.0, 11650.0, 11700.0, 11750.0, 11800.0, 11850.0, 11900.0, 11950.0, 12000.0, 12050.0, 12100.0, 12150.0, 12200.0, 12250.0, 12300.0, 12350.0, 12400.0, 12450.0, 12500.0, 12550.0, 12600.0, 12650.0, 12700.0, 12750.0, 12800.0, 12850.0, 12900.0, 12950.0, 13000.0], "dim_0_label": "lambda", "correlation": [0.544233935109249, 0.5443008911411847, 0.5443672123154751, 0.5444329056448598, 0.5444979780314233, 0.5445624362688981, 0.5446262870449071, 0.5446895369431476, 0.544752192445521, 0.5448142599342083, 0.5448757456936943, 0.5449366559127393, 0.5449969966863013, 0.5450567740174146, 0.5451159938190165, 0.5451746619157315, 0.5452327840456139, 0.5452903658618443, 0.545347412934387, 0.5454039307516069, 0.5454599247218473, 0.5455154001749708, 0.545570362363863, 0.5456248164658991, 0.5456787675843794, 0.5457322207499262, 0.545785180921854, 0.5458376529895014, 0.5458896417735368, 0.5459411520272324, 0.5459921884377088, 0.5460427556271509, 0.5460928581539957, 0.546142500514096, 0.5461916871418538, 0.5462404224113306, 0.5462887106373323, 0.5463365560764711, 0.5463839629281998, 0.5464309353358294, 0.546477477387519, 0.5465235931172461, 0.5465692865057564, 0.5466145614814918, 0.5466594219214983, 0.5467038716523154, 0.5467479144508449, 0.5467915540452023, 0.5468347941155509, 0.546877638294914, 0.5469200901699769, 0.546962153281864, 0.5470038311269079, 0.5470451271573945, 0.5470860447822985, 0.547126587368002, 0.5471667582389959, 0.5472065606785704, 0.5472459979294898, 0.5472850731946527], "MAE": [1.1299152373487746, 1.1297535422750706, 1.129592442782005, 1.1294319348190707, 1.1292720143766737, 1.1291126774855798, 1.128953920216368, 1.128795738678894, 1.128638129021763, 1.1284810874318096, 1.1283254560190894, 1.1281712442116945, 1.1280175787220423, 1.12786445597923, 1.1277118724469302, 1.127559824622942, 1.1274083090387503, 1.1272573222590896, 1.1271068608815176, 1.1269569215359951, 1.1268075008844718, 1.12665859562048, 1.1265102024687335, 1.1263623181847342, 1.126214939554385, 1.1260680633936058, 1.125921686547962, 1.1257758058922913, 1.1256304183303427, 1.1254855207944165, 1.1253411102450137, 1.125197828358747, 1.1250578501858468, 1.1249195283881177, 1.1247832218326144, 1.1246473618916206, 1.1245119458771031, 1.1243800667782444, 1.124252050502197, 1.1241259155613583, 1.1240001894499603, 1.1238748697458467, 1.1237499540476725, 1.1236256308865802, 1.123505098714285, 1.1233849465814223, 1.123265172297597, 1.1231457736906831, 1.123026748606624, 1.122908094909239, 1.1227898104800298, 1.122671893217989, 1.122554341039415, 1.1224371518777234, 1.1223203236832668, 1.1222038544231525, 1.1220877420810649, 1.12197198465709, 1.1218565801675409, 1.1217415266447874]}