{"dim_0_values": [25050.0, 25100.0, 25150.0, 25200.0, 25250.0, 25300.0, 25350.0, 25400.0, 25450.0, 25500.0, 25550.0, 25600.0, 25650.0, 25700.0, 25750.0, 25800.0, 25850.0, 25900.0, 25950.0, 26000.0, 26050.0, 26100.0, 26150.0, 26200.0, 26250.0, 26300.0, 26350.0, 26400.0, 26450.0, 26500.0, 26550.0, 26600.0, 26650.0, 26700.0, 26750.0, 26800.0, 26850.0, 26900.0, 26950.0, 27000.0, 27050.0, 27100.0, 27150.0, 27200.0, 27250.0, 27300.0, 27350.0, 27400.0, 27450.0, 27500.0, 27550.0, 27600.0, 27650.0, 27700.0, 27750.0, 27800.0, 27850.0, 27900.0, 27950.0, 28000.0], "dim_0_label": "lambda", "correlation": [0.4980679143489301, 0.4980699432466226, 0.49807188122846596, 0.4980737287547414, 0.4980754862828956, 0.49807715426756305, 0.4980787331605875, 0.49808022341104496, 0.49808162546526336, 0.4980829397668457, 0.4980841667566905, 0.4980853068730123, 0.49808636055136335, 0.49808732822465346, 0.4980882103231708, 0.4980890072746016, 0.4980897195040504, 0.4980903474340599, 0.4980908914846304, 0.4980913520732395, 0.49809172961486015, 0.4980920245219821, 0.498092237204628, 0.49809236807037394, 0.49809241752436706, 0.49809238596934474, 0.4980922738056515, 0.4980920814312582, 0.49809180924177915, 0.49809145763049, 0.49809102698834534, 0.49809051770399587, 0.4980899301638056, 0.4980892647518686, 0.4980885218500264, 0.4980877018378844, 0.49808680509282854, 0.4980858319900413, 0.4980847829025182, 0.4980836582010842, 0.4980824582544095, 0.4980811834290247, 0.4980798340893372, 0.4980784105976468, 0.49807691331416054, 0.4980753425970078, 0.49807369880225655, 0.49807198228392696, 0.4980701933940071, 0.49806833248246685, 0.4980663998972741, 0.49806439598440677, 0.49806232108786924, 0.49806017554970505, 0.4980579597100126, 0.4980556739069569, 0.49805331847678536, 0.4980508937538407, 0.498048400070574, 0.49804583775755895], "MAE": [0.9991266054935329, 0.9990754741562757, 0.999024552763582, 0.9989737435177946, 0.9989230459884477, 0.9988724597473372, 0.9988219843685048, 0.9987716194282226, 0.9987213645049798, 0.9986712191794676, 0.9986211830345642, 0.9985712556553215, 0.9985214366289504, 0.9984717255448072, 0.9984221219943791, 0.9983726255712706, 0.9983232358711895, 0.9982739524919343, 0.9982247750333793, 0.9981757030974617, 0.9981267362881691, 0.9980778742115246, 0.9980291164755759, 0.9979804626903801, 0.9979319124679915, 0.9978834654224501, 0.9978351211697671, 0.9977868793279132, 0.9977387395168057, 0.9976907013582965, 0.9976429755666428, 0.997595918953886, 0.9975489597427997, 0.9975020975774271, 0.9974553321035996, 0.9974086629689222, 0.9973620898227662, 0.9973156123162551, 0.997270840216225, 0.9972266717073285, 0.997182593515056, 0.9971386053134204, 0.9970947067780458, 0.9970508975861551, 0.9970072322118675, 0.9969639633049906, 0.9969207808745381, 0.9968776846126396, 0.9968346742129295, 0.9967917493705383, 0.9967489097820812, 0.996706155145651, 0.9966634851608084, 0.9966208995285736, 0.9965783979514161, 0.9965359801332482, 0.9964936457794136, 0.996451394596681, 0.9964092262932339, 0.9963671405786638]}