{"dim_0_values": [15.0, 22.105263157894736, 29.210526315789473, 36.31578947368421, 43.421052631578945, 50.526315789473685, 57.631578947368425, 64.73684210526315, 71.84210526315789, 78.94736842105263, 86.05263157894737, 93.15789473684211, 100.26315789473685, 107.36842105263159, 114.47368421052632, 121.57894736842105, 128.68421052631578, 135.78947368421052, 142.89473684210526, 150.0], "dim_0_label": "lambda", "correlation": [0.3759094638610823, 0.37970111467875245, 0.38321318979526536, 0.38648244648690694, 0.3895388668627771, 0.39240723114911263, 0.395108257361671, 0.3976594439425393, 0.4000757040371496, 0.4023698505432134, 0.40455297229858894, 0.406634729543754, 0.40862358863665516, 0.4105270104433891, 0.4123516029758489, 0.4141032461308378, 0.4157871944396879, 0.417408162324897, 0.418970395321729, 0.420477729949733], "MAE": [1.7469787524100222, 1.725734179966428, 1.7063644441608303, 1.6885564921505185, 1.6724493311517283, 1.6576958272763587, 1.6440231799628129, 1.6313542883863634, 1.6196308950782519, 1.6086825465808987, 1.5983437225165296, 1.5886264719125698, 1.5794822655841223, 1.5708528152855339, 1.562576914377058, 1.5546855973894667, 1.5471518885368392, 1.5398860654368587, 1.5329389959076734, 1.5264755819532114]}