{"dim_0_values": [19050.0, 19100.0, 19150.0, 19200.0, 19250.0, 19300.0, 19350.0, 19400.0, 19450.0, 19500.0, 19550.0, 19600.0, 19650.0, 19700.0, 19750.0, 19800.0, 19850.0, 19900.0, 19950.0, 20000.0, 20050.0, 20100.0, 20150.0, 20200.0, 20250.0, 20300.0, 20350.0, 20400.0, 20450.0, 20500.0, 20550.0, 20600.0, 20650.0, 20700.0, 20750.0, 20800.0, 20850.0, 20900.0, 20950.0, 21000.0, 21050.0, 21100.0, 21150.0, 21200.0, 21250.0, 21300.0, 21350.0, 21400.0, 21450.0, 21500.0, 21550.0, 21600.0, 21650.0, 21700.0, 21750.0, 21800.0, 21850.0, 21900.0, 21950.0, 22000.0], "dim_0_label": "lambda", "correlation": [0.4611207074413797, 0.46116142045622655, 0.4612019146754104, 0.4612421914408997, 0.46128225208344403, 0.4613220979226959, 0.4613617302673298, 0.46140115041515967, 0.4614403596532554, 0.4614793592580569, 0.46151815049548783, 0.4615567346210661, 0.46159511288001626, 0.46163328650737523, 0.46167125672810205, 0.46170902475718295, 0.4617465917997354, 0.4617839590511124, 0.46182112769700373, 0.46185809891353613, 0.4618948738673738, 0.4619314537158154, 0.4619678396068913, 0.4620040326794592, 0.4620400340632982, 0.46207584487920206, 0.4621114662390715, 0.46214689924600477, 0.4621821449943869, 0.4622172045699795, 0.46225207905000715, 0.46228676950324404, 0.4623212769900995, 0.4623556025627022, 0.46238974726498305, 0.46242371213275807, 0.462457498193809, 0.4624911064679632, 0.4625245379671737, 0.4625577936955971, 0.46259087464967036, 0.462623781818188, 0.4626565161823766, 0.46268907871596976, 0.46272147038528233, 0.462753692149282, 0.4627857449596615, 0.4628176297609098, 0.4628493474903824, 0.4628808990783703, 0.4629122854481681, 0.46294350751614266, 0.462974566191799, 0.46300546237784684, 0.46303619697026577, 0.46306677085836984, 0.46309718492487106, 0.4631274400459426, 0.4631575370912811, 0.463187476924168], "MAE": [2.5859841059619337, 2.585827289103543, 2.585670907406451, 2.58551495863118, 2.5853594405552176, 2.5852043509728415, 2.585049687694954, 2.584898288023871, 2.5847489349328243, 2.584599991800217, 2.5844514565403234, 2.5843033270829956, 2.5841556013735123, 2.5840082773724253, 2.5838613530554135, 2.58371482641313, 2.5835686954510617, 2.583423211107697, 2.5832851016194227, 2.583147366829189, 2.58301000485508, 2.582875642765107, 2.5827418034507863, 2.5826083237345747, 2.5824752018142343, 2.5823424359007414, 2.5822100242181594, 2.582077965003517, 2.5819462565066784, 2.581816470737177, 2.581688161507055, 2.581560188088475, 2.581432548838442, 2.5813052421257336, 2.581178266330797, 2.5810516198456335, 2.580926531491102, 2.5808021456239123, 2.5806791889638765, 2.5805582368035576, 2.5804375955509373, 2.5803172637255085, 2.580197239857071, 2.580077522485642, 2.5799581101613605, 2.579839001444395, 2.5797231882857923, 2.5796087931618135, 2.579494686098884, 2.5793808657559656, 2.579267330801149, 2.5791540799115675, 2.5790411117733196, 2.57892842508139, 2.5788160185395674, 2.57870389086037, 2.5785920407649674, 2.5784804669831027, 2.578369168253019, 2.5782581433213854]}