{"dim_0_values": [22050.0, 22100.0, 22150.0, 22200.0, 22250.0, 22300.0, 22350.0, 22400.0, 22450.0, 22500.0, 22550.0, 22600.0, 22650.0, 22700.0, 22750.0, 22800.0, 22850.0, 22900.0, 22950.0, 23000.0, 23050.0, 23100.0, 23150.0, 23200.0, 23250.0, 23300.0, 23350.0, 23400.0, 23450.0, 23500.0, 23550.0, 23600.0, 23650.0, 23700.0, 23750.0, 23800.0, 23850.0, 23900.0, 23950.0, 24000.0, 24050.0, 24100.0, 24150.0, 24200.0, 24250.0, 24300.0, 24350.0, 24400.0, 24450.0, 24500.0, 24550.0, 24600.0, 24650.0, 24700.0, 24750.0, 24800.0, 24850.0, 24900.0, 24950.0, 25000.0], "dim_0_label": "lambda", "correlation": [0.5244799784524562, 0.5244994648369384, 0.5245188136951475, 0.5245380257601102, 0.5245571017597127, 0.5245760424167488, 0.5245948484489658, 0.5246135205691099, 0.5246320594849725, 0.524650465899434, 0.5246687405105085, 0.5246868840113881, 0.5247048970904851, 0.5247227804314764, 0.5247405347133435, 0.5247581606104167, 0.5247756587924157, 0.5247930299244895, 0.5248102746672587, 0.5248273936768538, 0.5248443876049561, 0.5248612570988364, 0.5248780028013934, 0.5248946253511928, 0.524911125382504, 0.5249275035253383, 0.5249437604054868, 0.5249598966445554, 0.5249759128600019, 0.5249918096651721, 0.5250075876693355, 0.5250232474777188, 0.5250387896915425, 0.5250542149080544, 0.5250695237205638, 0.5250847167184746, 0.5250997944873192, 0.5251147576087921, 0.5251296066607801, 0.5251443422173968, 0.525158964849014, 0.5251734751222924, 0.5251878736002132, 0.5252021608421098, 0.5252163374036974, 0.5252304038371032, 0.5252443606908977, 0.5252582085101215, 0.5252719478363184, 0.5252855792075612, 0.5252991031584823, 0.5253125202203008, 0.5253258309208516, 0.5253390357846132, 0.5253521353327345, 0.5253651300830628, 0.5253780205501702, 0.5253908072453811, 0.5254034906767978, 0.5254160713493269], "MAE": [1.030509979383944, 1.0304657075355952, 1.030421528114146, 1.0303787441291967, 1.030336279393689, 1.0302939038971333, 1.030251617325917, 1.0302094193679014, 1.0301673097124162, 1.0301252880502498, 1.0300833540736414, 1.0300415074762752, 1.029999747953269, 1.0299580752011688, 1.0299166060786988, 1.0298766469849043, 1.0298367708806013, 1.029796977476723, 1.0297572664855579, 1.0297176376207413, 1.0296780905972491, 1.0296386251313894, 1.029599240940796, 1.0295599377444207, 1.0295207152625252, 1.0294815732166753, 1.0294425113297325, 1.0294035293258466, 1.0293646269304495, 1.0293258038702489, 1.029287059873218, 1.0292484783821358, 1.0292102412097568, 1.029172756894647, 1.0291364814434614, 1.0291002807996488, 1.0290641547038821, 1.0290281028980512, 1.0289921251252547, 1.0289562211297931, 1.028920390657163, 1.0288846334540485, 1.0288489492683164, 1.0288133378490087, 1.0287780190893985, 1.0287434557488029, 1.0287089632090818, 1.0286745412276992, 1.0286401895632376, 1.0286059079753913, 1.0285716962249605, 1.0285375540738446, 1.0285034812850367, 1.0284694776226175, 1.0284355428517478, 1.0284016767386666, 1.02836787905068, 1.028334149556159, 1.0283004880245321, 1.0282677161816296]}