{"dim_0_values": [4050.0, 4100.0, 4150.0, 4200.0, 4250.0, 4300.0, 4350.0, 4400.0, 4450.0, 4500.0, 4550.0, 4600.0, 4650.0, 4700.0, 4750.0, 4800.0, 4850.0, 4900.0, 4950.0, 5000.0, 5050.0, 5100.0, 5150.0, 5200.0, 5250.0, 5300.0, 5350.0, 5400.0, 5450.0, 5500.0, 5550.0, 5600.0, 5650.0, 5700.0, 5750.0, 5800.0, 5850.0, 5900.0, 5950.0, 6000.0, 6050.0, 6100.0, 6150.0, 6200.0, 6250.0, 6300.0, 6350.0, 6400.0, 6450.0, 6500.0, 6550.0, 6600.0, 6650.0, 6700.0, 6750.0, 6800.0, 6850.0, 6900.0, 6950.0, 7000.0], "dim_0_label": "lambda", "correlation": [0.5273759437514524, 0.5276592236931467, 0.5279376639139339, 0.5282113946347536, 0.5284805411205279, 0.5287452239210407, 0.529005559097657, 0.5292616584368516, 0.5295136296514513, 0.5297615765704126, 0.5300055993179011, 0.530245794482384, 0.5304822552763763, 0.5307150716874592, 0.5309443306211173, 0.5311701160359195, 0.5313925090715227, 0.5316115881699454, 0.5318274291905205, 0.5320401055189231, 0.5322496881706177, 0.5324562458890704, 0.53265984523903, 0.5328605506951706, 0.5330584247263637, 0.5332535278758328, 0.5334459188374301, 0.5336356545282444, 0.5338227901577598, 0.5340073792937502, 0.5341894739250842, 0.5343691245216264, 0.5345463800913749, 0.5347212882349941, 0.5348938951978808, 0.5350642459198911, 0.5352323840828548, 0.5353983521559891, 0.5355621914393242, 0.5357239421052387, 0.5358836432382054, 0.5360413328728334, 0.5361970480302966, 0.536350824753224, 0.5365026981391339, 0.5366527023724742, 0.5368008707553492, 0.5369472357369842, 0.537091828941995, 0.5372346811975184, 0.5373758225592572, 0.5375152823364893, 0.5376530891160896, 0.5377892707856138, 0.5379238545554804, 0.5380568669803005, 0.5381883339793849, 0.5383182808564734, 0.5384467323187153, 0.5385737124949396], "MAE": [1.1654201246926805, 1.1647507379740283, 1.1641039504218675, 1.1634853517044572, 1.1628904051703552, 1.1623049574586848, 1.1617283751843592, 1.1611682069287745, 1.1606272917129967, 1.1601049780113353, 1.1595925386039543, 1.1590865392217984, 1.1585850978765215, 1.158089806120951, 1.1576039156630242, 1.1571225721497378, 1.1566503749789405, 1.1561822034760056, 1.1557179868841327, 1.1552627961560107, 1.1548210430297092, 1.1543890130491419, 1.1539650695816654, 1.153544471860349, 1.153127165165549, 1.1527271152199938, 1.1523357279672652, 1.151950923917026, 1.1515729623208009, 1.1511976746739, 1.1508250222538545, 1.1504549672387403, 1.1500895106363322, 1.1497270597446685, 1.1493698300068864, 1.1490180775675098, 1.148673959708239, 1.14833349584301, 1.1480008412482738, 1.1476756510288715, 1.147352444982413, 1.147034906484606, 1.1467208228497032, 1.1464085877200652, 1.1461066659374202, 1.1458148894421794, 1.145532383259142, 1.1452514415780306, 1.1449720473675817, 1.144697384927889, 1.1444306953411456, 1.14416961604406, 1.1439131029948786, 1.1436608182872465, 1.1434125102286676, 1.143165452495357, 1.1429196327303899, 1.1426750387706708, 1.1424316586426158, 1.1421894805579549]}