{"dim_0_values": [13050.0, 13100.0, 13150.0, 13200.0, 13250.0, 13300.0, 13350.0, 13400.0, 13450.0, 13500.0, 13550.0, 13600.0, 13650.0, 13700.0, 13750.0, 13800.0, 13850.0, 13900.0, 13950.0, 14000.0, 14050.0, 14100.0, 14150.0, 14200.0, 14250.0, 14300.0, 14350.0, 14400.0, 14450.0, 14500.0, 14550.0, 14600.0, 14650.0, 14700.0, 14750.0, 14800.0, 14850.0, 14900.0, 14950.0, 15000.0, 15050.0, 15100.0, 15150.0, 15200.0, 15250.0, 15300.0, 15350.0, 15400.0, 15450.0, 15500.0, 15550.0, 15600.0, 15650.0, 15700.0, 15750.0, 15800.0, 15850.0, 15900.0, 15950.0, 16000.0], "dim_0_label": "lambda", "correlation": [0.517653841205588, 0.5177187666489241, 0.5177832446350603, 0.5178472788750947, 0.5179108730363615, 0.5179740307431139, 0.5180367555771974, 0.5180990510787091, 0.5181609207466424, 0.5182223680395229, 0.5182833963760286, 0.5183440091355994, 0.5184042096590371, 0.5184640012490894, 0.5185233871710274, 0.5185823706532089, 0.5186409548876336, 0.518699143030486, 0.5187569382026695, 0.5188143434903302, 0.5188713619453688, 0.5189279965859476, 0.5189842503969844, 0.5190401263306381, 0.5190956273067876, 0.5191507562134975, 0.5192055159074814, 0.5192599092145502, 0.5193139389300591, 0.5193676078193402, 0.5194209186181322, 0.5194738740329997, 0.5195264767417461, 0.51957872939382, 0.5196306346107111, 0.5196821949863447, 0.5197334130874639, 0.5197842914540077, 0.5198348325994832, 0.5198850390113289, 0.5199349131512744, 0.5199844574556931, 0.5200336743359457, 0.5200825661787241, 0.5201311353463843, 0.5201793841772748, 0.5202273149860611, 0.5202749300640427, 0.5203222316794661, 0.5203692220778319, 0.5204159034821981, 0.520462278093475, 0.5205083480907202, 0.5205541156314231, 0.5205995828517904, 0.5206447518670229, 0.5206896247715884, 0.5207342036394921, 0.5207784905245402, 0.5208224874606012], "MAE": [1.0440458742710377, 1.0439317214532233, 1.043817921792725, 1.0437056265430928, 1.0435959377277204, 1.0434865853122002, 1.043377567509828, 1.0432688825474572, 1.0431605286653642, 1.0430525041171155, 1.0429448071694392, 1.0428374361020942, 1.0427303892077449, 1.0426236647918343, 1.0425172611724602, 1.0424111766802506, 1.0423054096582474, 1.0421999584617792, 1.0420948214583505, 1.0419899970275177, 1.0418854835607787, 1.0417812794614565, 1.041677383144585, 1.041573793036799, 1.041470507576224, 1.0413675252123662, 1.0412648444060044, 1.0411624636290848, 1.0410603813646149, 1.0409585961065582, 1.0408571063597343, 1.0407559106397137, 1.0406550074727197, 1.040554395395529, 1.04045407295537, 1.0403550910751356, 1.0402569789776943, 1.0401591468784748, 1.0400622761117424, 1.0399666102309282, 1.03987121579638, 1.0397760914735037, 1.0396812359370646, 1.0395866478711013, 1.0394923259688433, 1.0393995376018716, 1.039307323554808, 1.0392153678146452, 1.039123669132482, 1.0390322262679863, 1.038941037989316, 1.0388501030730464, 1.0387594203040944, 1.038668988475647, 1.038578806389086, 1.0384888728539194, 1.0383991866877076, 1.0383097467159945, 1.0382247188360407, 1.0381401372856038]}