{"dim_0_values": [22050.0, 22100.0, 22150.0, 22200.0, 22250.0, 22300.0, 22350.0, 22400.0, 22450.0, 22500.0, 22550.0, 22600.0, 22650.0, 22700.0, 22750.0, 22800.0, 22850.0, 22900.0, 22950.0, 23000.0, 23050.0, 23100.0, 23150.0, 23200.0, 23250.0, 23300.0, 23350.0, 23400.0, 23450.0, 23500.0, 23550.0, 23600.0, 23650.0, 23700.0, 23750.0, 23800.0, 23850.0, 23900.0, 23950.0, 24000.0, 24050.0, 24100.0, 24150.0, 24200.0, 24250.0, 24300.0, 24350.0, 24400.0, 24450.0, 24500.0, 24550.0, 24600.0, 24650.0, 24700.0, 24750.0, 24800.0, 24850.0, 24900.0, 24950.0, 25000.0], "dim_0_label": "lambda", "correlation": [0.4977605186726833, 0.49776896716587393, 0.49777729094704537, 0.4977854906972386, 0.4977935670928076, 0.49780152080546247, 0.49780935250230895, 0.497817062845891, 0.49782465249422864, 0.4978321221008605, 0.49783947231488096, 0.49784670378098034, 0.49785381713948296, 0.49786081302638546, 0.497867692073394, 0.49787445490796245, 0.4978811021533279, 0.49788763442854883, 0.49789405234853906, 0.4979003565241062, 0.49790654756198355, 0.4979126260648684, 0.4979185926314542, 0.4979244478564658, 0.49793019233069263, 0.49793582664102315, 0.497941351370477, 0.4979467670982378, 0.4979520743996862, 0.49795727384643157, 0.4979623660063435, 0.49796735144358345, 0.4979722307186356, 0.4979770043883382, 0.49798167300591295, 0.4979862371209962, 0.4979906972796677, 0.49799505402448085, 0.4979993078944914, 0.4980034594252868, 0.49800750914901437, 0.49801145759440946, 0.49801530528682414, 0.49801905274825387, 0.49802270049736586, 0.4980262490495258, 0.49802969891682464, 0.49803305060810543, 0.4980363046289896, 0.49803946148190237, 0.4980425216661001, 0.4980454856776938, 0.49804835400967606, 0.49805112715194544, 0.49805380559133094, 0.49805638981161726, 0.4980588802935687, 0.4980612775149526, 0.49806358195056427, 0.4980657940722499], "MAE": [1.0026837744424073, 1.0026201854157621, 1.00255674901267, 1.0024934646059513, 1.0024303315719383, 1.002367349290449, 1.0023045171447638, 1.002241834521602, 1.0021793008110966, 1.0021169154067722, 1.0020546777055201, 1.0019925871075763, 1.0019306430164971, 1.0018688448391382, 1.0018072014556219, 1.0017457465404858, 1.0016844354190344, 1.0016232675144676, 1.0015622422531374, 1.0015013590645245, 1.0014406173812187, 1.0013800166388978, 1.0013195562763055, 1.0012592357352328, 1.0011990544604945, 1.0011390118999117, 1.0010791075042902, 1.0010193407273995, 1.0009597110259554, 1.000900217859598, 1.0008408606908734, 1.0007816389852138, 1.0007225522109173, 1.0006635998391316, 1.0006047813438306, 1.0005460962018002, 1.0004875438926166, 1.000429123898629, 1.0003708357049395, 1.0003126787993883, 1.0002546526725322, 1.0001967568176278, 1.000138990730614, 1.0000813539100943, 1.000023845857319, 0.9999664660761676, 0.9999092140731312, 0.9998523004789529, 0.9997955392122824, 0.9997389041475869, 0.9996823947982691, 0.9996260106803013, 0.9995697513122082, 0.9995136162150502, 0.9994576049124071, 0.9994017169303613, 0.9993459517974809, 0.9992903090448034, 0.9992347882058209, 0.9991795355494143]}