{"dim_0_values": [16050.0, 16100.0, 16150.0, 16200.0, 16250.0, 16300.0, 16350.0, 16400.0, 16450.0, 16500.0, 16550.0, 16600.0, 16650.0, 16700.0, 16750.0, 16800.0, 16850.0, 16900.0, 16950.0, 17000.0, 17050.0, 17100.0, 17150.0, 17200.0, 17250.0, 17300.0, 17350.0, 17400.0, 17450.0, 17500.0, 17550.0, 17600.0, 17650.0, 17700.0, 17750.0, 17800.0, 17850.0, 17900.0, 17950.0, 18000.0, 18050.0, 18100.0, 18150.0, 18200.0, 18250.0, 18300.0, 18350.0, 18400.0, 18450.0, 18500.0, 18550.0, 18600.0, 18650.0, 18700.0, 18750.0, 18800.0, 18850.0, 18900.0, 18950.0, 19000.0], "dim_0_label": "lambda", "correlation": [0.5490904615957142, 0.549112039533604, 0.5491333983614188, 0.5491545396646206, 0.5491754650131863, 0.5491961759618068, 0.549216674050083, 0.5492369608027177, 0.5492570377297056, 0.5492769063265193, 0.5492965680742931, 0.5493160244400046, 0.5493352768766507, 0.5493543268234226, 0.5493731757058811, 0.5493918249361219, 0.5494102759129456, 0.5494285300220211, 0.5494465886360473, 0.5494644531149125, 0.5494821248058511, 0.5494996050435988, 0.5495168951505435, 0.5495339964368767, 0.5495509102007399, 0.5495676377283705, 0.5495841802942442, 0.5496005391612165, 0.5496167155806622, 0.5496327107926109, 0.5496485260258828, 0.5496641624982207, 0.5496796214164219, 0.5496949039764655, 0.549710011363641, 0.5497249447526722, 0.5497397053078409, 0.549754294183109, 0.5497687125222372, 0.5497829614589039, 0.5497970421168207, 0.5498109556098477, 0.5498247030421055, 0.5498382855080883, 0.5498517040927717, 0.5498649598717225, 0.5498780539112037, 0.5498909872682811, 0.549903760990927, 0.5499163761181214, 0.5499288336799528, 0.5499411346977191, 0.5499532801840235, 0.549965271142873, 0.5499771085697719, 0.5499887934518175, 0.5500003267677913, 0.5500117094882518, 0.550022942575623, 0.5500340269842849], "MAE": [1.1157612779983037, 1.1156804269689014, 1.1155997735272623, 1.115519316791346, 1.1154390558846934, 1.1153596238020722, 1.1152811463836347, 1.1152028573273578, 1.115124755810803, 1.1150468410165746, 1.114969112132279, 1.1148915683504919, 1.1148142088687154, 1.1147370328893451, 1.11466003961963, 1.1145832282716384, 1.1145065980622193, 1.1144301482129684, 1.1143538779501916, 1.1142777865048696, 1.1142018731126233, 1.114126137013678, 1.1140510246858952, 1.113978146129337, 1.1139062469128191, 1.1138345112793004, 1.1137646903103002, 1.1136976313501423, 1.1136307207891905, 1.1135639580293555, 1.1134973424758878, 1.1134308735373548, 1.1133645506256176, 1.113298902970777, 1.1132336274903096, 1.1131684934873776, 1.113103500408287, 1.1130386477023007, 1.112974417086852, 1.1129104907707346, 1.1128466997132336, 1.1127830433996113, 1.1127195213177687, 1.1126561329582314, 1.1125928778141354, 1.1125297553812092, 1.1124667651577642, 1.1124039066446738, 1.1123411793453646, 1.1122797587036466, 1.1122204226969836, 1.1121627149482674, 1.112106163206623, 1.112051166728538, 1.111997116118993, 1.1119431662114543, 1.1118893166896657, 1.1118355672384734, 1.111781917543824, 1.1117283672927647]}