{"dim_0_values": [1050.0, 1100.0, 1150.0, 1200.0, 1250.0, 1300.0, 1350.0, 1400.0, 1450.0, 1500.0, 1550.0, 1600.0, 1650.0, 1700.0, 1750.0, 1800.0, 1850.0, 1900.0, 1950.0, 2000.0], "dim_0_label": "lambda", "correlation": [0.3756232512910944, 0.3774690520369125, 0.37923037021776246, 0.3809135036858603, 0.3825240873218838, 0.3840671830498587, 0.3855473549612958, 0.38696873243583324, 0.38833506350749575, 0.3896497602449476, 0.3909159375482679, 0.39213644648346097, 0.39331390305780733, 0.39445071316848673, 0.39554909432237334, 0.3966110946180557, 0.3976386093956833, 0.398633395891484, 0.399597086178071, 0.4005311986263372], "MAE": [6.0243085269106995, 6.001832056927738, 5.980269793152446, 5.959862565368628, 5.940801910799173, 5.922580309439186, 5.905229621716082, 5.88867030533069, 5.873046246536591, 5.857922336491884, 5.843437795360001, 5.8295110057150525, 5.8163548700807475, 5.8039355623823194, 5.792044752872082, 5.780621150074066, 5.76977005831805, 5.7591943980474865, 5.748926590356562, 5.73895340316615]}