{"dim_0_values": [7050.0, 7100.0, 7150.0, 7200.0, 7250.0, 7300.0, 7350.0, 7400.0, 7450.0, 7500.0, 7550.0, 7600.0, 7650.0, 7700.0, 7750.0, 7800.0, 7850.0, 7900.0, 7950.0, 8000.0, 8050.0, 8100.0, 8150.0, 8200.0, 8250.0, 8300.0, 8350.0, 8400.0, 8450.0, 8500.0, 8550.0, 8600.0, 8650.0, 8700.0, 8750.0, 8800.0, 8850.0, 8900.0, 8950.0, 9000.0, 9050.0, 9100.0, 9150.0, 9200.0, 9250.0, 9300.0, 9350.0, 9400.0, 9450.0, 9500.0, 9550.0, 9600.0, 9650.0, 9700.0, 9750.0, 9800.0, 9850.0, 9900.0, 9950.0, 10000.0], "dim_0_label": "lambda", "correlation": [0.538699244953241, 0.5388233527179147, 0.5389460582857679, 0.5390673836418343, 0.5391873502745185, 0.5393059791901923, 0.5394232909272684, 0.5395393055697735, 0.5396540427604387, 0.5397675217133322, 0.5398797612260463, 0.5399907796914675, 0.5401005951091338, 0.5402092250962058, 0.5403166868980654, 0.5404229973985515, 0.5405281731298532, 0.5406322302820735, 0.5407351847124716, 0.5408370519544022, 0.5409378472259604, 0.5410375854383435, 0.5411362812039432, 0.5412339488441739, 0.5413306023970519, 0.5414262556245326, 0.5415209220196142, 0.541614614813217, 0.5417073469808498, 0.5417991312490644, 0.5418899801017141, 0.541979905786017, 0.5420689203184321, 0.5421570354903612, 0.5422442628736721, 0.542330613826062, 0.5424160994962514, 0.5425007308290335, 0.5425845185701647, 0.5426674732711179, 0.5427496052936912, 0.5428309248144862, 0.5429114418292538, 0.5429911661571157, 0.5430701074446653, 0.5431482751699497, 0.5432256786463407, 0.5433023270262959, 0.5433782293050125, 0.5434533943239809, 0.5435278307744403, 0.5436015472007346, 0.5436745520035805, 0.543746853443244, 0.5438184596426299, 0.543889378590289, 0.5439596181433431, 0.5440291860303319, 0.544098089853984, 0.5441663370939143], "MAE": [1.1419484929096653, 1.141708684268011, 1.141470043376707, 1.141232647136428, 1.140996758815577, 1.140761999025821, 1.1405283571980793, 1.1402958229203335, 1.1400643859343058, 1.1398340361322237, 1.1396047635536783, 1.139376558382567, 1.1391494109441231, 1.1389233117020223, 1.1386982512555692, 1.1384742203369596, 1.1382516040340442, 1.138031937645789, 1.1378132706916637, 1.1375955943541103, 1.1373788999382073, 1.1371631788692456, 1.1369484226903654, 1.136734623060264, 1.136521771750947, 1.1363098606455515, 1.1360988817362159, 1.1358888271220071, 1.1356811355832572, 1.135474563719346, 1.1352688865537943, 1.1350640966829224, 1.1348601867981698, 1.1346571496843774, 1.1344564324929638, 1.134263570090659, 1.134071504379225, 1.1338802290913743, 1.1336897380362394, 1.1335000250980605, 1.1333110842349023, 1.13312392270487, 1.1329425264720976, 1.1327652191178132, 1.1325904848586648, 1.1324164336116895, 1.132243875044206, 1.1320733922162995, 1.1319035663078332, 1.1317343926313015, 1.1315658665490178, 1.1313979834723997, 1.1312307388612695, 1.1310641282231673, 1.1308981471126736, 1.1307327911307508, 1.1305680559240872, 1.1304039371844596, 1.1302404306481058, 1.1300775320951058]}