{"dim_0_values": [13050.0, 13100.0, 13150.0, 13200.0, 13250.0, 13300.0, 13350.0, 13400.0, 13450.0, 13500.0, 13550.0, 13600.0, 13650.0, 13700.0, 13750.0, 13800.0, 13850.0, 13900.0, 13950.0, 14000.0, 14050.0, 14100.0, 14150.0, 14200.0, 14250.0, 14300.0, 14350.0, 14400.0, 14450.0, 14500.0, 14550.0, 14600.0, 14650.0, 14700.0, 14750.0, 14800.0, 14850.0, 14900.0, 14950.0, 15000.0, 15050.0, 15100.0, 15150.0, 15200.0, 15250.0, 15300.0, 15350.0, 15400.0, 15450.0, 15500.0, 15550.0, 15600.0, 15650.0, 15700.0, 15750.0, 15800.0, 15850.0, 15900.0, 15950.0, 16000.0], "dim_0_label": "lambda", "correlation": [0.454986543658519, 0.45508296805165926, 0.45517886012343706, 0.45527422407567114, 0.45536906406206523, 0.45546338418894367, 0.45555718851597216, 0.4556504810568676, 0.45574326578009017, 0.4558355466095259, 0.4559273274251547, 0.4560186120637066, 0.45610940431930447, 0.4561997079440959, 0.45628952664887384, 0.4563788641036835, 0.45646772393842044, 0.45655610974341676, 0.45664402507001595, 0.45673147343113835, 0.4568184583018355, 0.456904983119835, 0.45699105128607526, 0.4570766661652308, 0.4571618310862279, 0.45724654934275133, 0.4573308241937418, 0.4574146588638855, 0.4574980565440932, 0.45758102039197235, 0.4576635535322914, 0.45774565905743436, 0.4578273400278481, 0.45790859947248275, 0.4579894403892235, 0.45806986574531544, 0.45814987847778105, 0.45822948149383, 0.4583086776712632, 0.45838746985886847, 0.45846586087681107, 0.45854385351701654, 0.4586214505435471, 0.45869865469297333, 0.4587754686747368, 0.45885189517150976, 0.4589279368395465, 0.45900359630903026, 0.4590788761844139, 0.4591537790447552, 0.45922830744404675, 0.45930246391153967, 0.45937625095206336, 0.4594496710463392, 0.4595227266512897, 0.4595954202003413, 0.459667754103725, 0.45973973074877017, 0.459811352500193, 0.45988262170038263], "MAE": [1.2840135373795998, 1.2837975122425576, 1.283582206321659, 1.2833676150894462, 1.2831537340617822, 1.28294115069141, 1.282730396358476, 1.282521160915958, 1.282313034233017, 1.2821055912338948, 1.2818988276799945, 1.2816927393725854, 1.2814873221522962, 1.2812825975182158, 1.2810828453465548, 1.2808847532789018, 1.2806872970639633, 1.2804911440205806, 1.2802968351311699, 1.280103835689792, 1.2799138479341823, 1.279724457122024, 1.2795356597583354, 1.279347809019727, 1.2791623998897863, 1.2789775684160858, 1.2787933112448513, 1.2786117449408299, 1.2784326466745544, 1.278254094429607, 1.278076085104201, 1.2778986156231464, 1.2777216829375397, 1.2775452840244603, 1.2773694158866702, 1.277194274061904, 1.2770203581932724, 1.2768469628494081, 1.2766740851321738, 1.2765017221677546, 1.276329871106382, 1.2761585291220618, 1.2759878360310908, 1.2758195676586765, 1.2756517962374743, 1.275484519044056, 1.275320597617434, 1.2751573635899927, 1.2749946087624162, 1.2748323305307254, 1.274670526312198, 1.2745091935451374, 1.2743493268173134, 1.274192217390726, 1.2740355610625644, 1.273879355422883, 1.2737235980809374, 1.2735682866649818, 1.2734147489480365, 1.2732624144761977]}