{"dim_0_values": [10050.0, 10100.0, 10150.0, 10200.0, 10250.0, 10300.0, 10350.0, 10400.0, 10450.0, 10500.0, 10550.0, 10600.0, 10650.0, 10700.0, 10750.0, 10800.0, 10850.0, 10900.0, 10950.0, 11000.0, 11050.0, 11100.0, 11150.0, 11200.0, 11250.0, 11300.0, 11350.0, 11400.0, 11450.0, 11500.0, 11550.0, 11600.0, 11650.0, 11700.0, 11750.0, 11800.0, 11850.0, 11900.0, 11950.0, 12000.0, 12050.0, 12100.0, 12150.0, 12200.0, 12250.0, 12300.0, 12350.0, 12400.0, 12450.0, 12500.0, 12550.0, 12600.0, 12650.0, 12700.0, 12750.0, 12800.0, 12850.0, 12900.0, 12950.0, 13000.0], "dim_0_label": "lambda", "correlation": [0.4893320035865784, 0.48941409008887427, 0.48949547279180466, 0.4895761589640625, 0.4896561557652494, 0.4897354702480735, 0.48981410936049136, 0.48989207994779854, 0.4899693887546654, 0.49004604242712374, 0.49012204751450367, 0.4901974104713238, 0.4902721376591342, 0.49034623534831473, 0.4904197097198298, 0.49049256686694076, 0.4905648127968778, 0.49063645343247053, 0.49070749461374125, 0.49077794209945974, 0.4908478015686617, 0.49091707862213113, 0.4909857787838484, 0.49105390750240624, 0.49112147015238894, 0.4911884720357248, 0.4912549183830039, 0.49132081435476843, 0.49138616504277083, 0.49145097547120614, 0.4915152505979166, 0.4915789953155663, 0.4916422144527933, 0.4917049127753345, 0.4917670949871255, 0.4918287657313763, 0.49188992959162486, 0.49195059109276595, 0.4920107547020581, 0.49207042483010954, 0.49212960583184273, 0.4921883020074372, 0.4922465176032544, 0.49230425681274026, 0.492361523777311, 0.49241832258721907, 0.4924746572824011, 0.4925305318533089, 0.4925859502417222, 0.49264091634154505, 0.492695433999586, 0.4927495070163218, 0.492803139146646, 0.4928563341006028, 0.49290909554410356, 0.49296142709963253, 0.49301333234693556, 0.49306481482369696, 0.4931158780262002, 0.4931665254099793], "MAE": [1.0315586288796033, 1.0313469161426314, 1.0311360736138175, 1.030926095093866, 1.0307169744463527, 1.0305087055969016, 1.0303012825323732, 1.030094699300062, 1.029888950006913, 1.0296840288187463, 1.0294799299594954, 1.0292766477104565, 1.0290773957311747, 1.028879488459099, 1.0286823636798823, 1.0284860160398612, 1.0282932390679589, 1.0281021653789777, 1.0279118430400023, 1.0277222669196941, 1.0275334319367162, 1.0273474013790642, 1.0271647490010478, 1.0269827978740604, 1.026801543342149, 1.0266209807931703, 1.0264411056582619, 1.026261913411316, 1.0260833995684648, 1.0259055596875721, 1.025728389367731, 1.025551884248771, 1.025377957034654, 1.0252056758418493, 1.0250340231561528, 1.0248629950475068, 1.0246925876202093, 1.024522797012535, 1.0243536193963607, 1.024185050976797, 1.024017087991821, 1.0238497267119198, 1.023682963439733, 1.0235167945097023, 1.0233512162877243, 1.023186225170811, 1.023021867784016, 1.022859589434079, 1.0226978840044265, 1.0225380918845175, 1.022378986201383, 1.0222204385333211, 1.0220624455282072, 1.0219050038620117, 1.0217502171548916, 1.021598777194709, 1.021447857529631, 1.0212977471138796, 1.0211482893380366, 1.020999342396806]}