{"dim_0_values": [7050.0, 7100.0, 7150.0, 7200.0, 7250.0, 7300.0, 7350.0, 7400.0, 7450.0, 7500.0, 7550.0, 7600.0, 7650.0, 7700.0, 7750.0, 7800.0, 7850.0, 7900.0, 7950.0, 8000.0, 8050.0, 8100.0, 8150.0, 8200.0, 8250.0, 8300.0, 8350.0, 8400.0, 8450.0, 8500.0, 8550.0, 8600.0, 8650.0, 8700.0, 8750.0, 8800.0, 8850.0, 8900.0, 8950.0, 9000.0, 9050.0, 9100.0, 9150.0, 9200.0, 9250.0, 9300.0, 9350.0, 9400.0, 9450.0, 9500.0, 9550.0, 9600.0, 9650.0, 9700.0, 9750.0, 9800.0, 9850.0, 9900.0, 9950.0, 10000.0], "dim_0_label": "lambda", "correlation": [0.4375939340318682, 0.4378117321722319, 0.43802763815126855, 0.43824167937629227, 0.4384538826643284, 0.4386642742589659, 0.4388728798466095, 0.439079724572169, 0.43928483305419685, 0.4394882293995052, 0.4396899372172806, 0.4398899796327147, 0.440088379300175, 0.4402851584159322, 0.44048033873045905, 0.4406739415603231, 0.44086598779968417, 0.4410564979314166, 0.441245492037866, 0.4414329898112596, 0.4416190105637806, 0.4418035732373186, 0.44198669641291255, 0.44216839831989124, 0.44234869684473127, 0.4425276095396336, 0.4427051536308371, 0.4428813460266742, 0.44305620332537976, 0.4432297418226611, 0.44340197751903976, 0.443572926126971, 0.4437426030777504, 0.44391102352821454, 0.44407820236724405, 0.44424415422207414, 0.4444088934644201, 0.4445724342164267, 0.4447347903564431, 0.4448959755246323, 0.44505600312842053, 0.4452148863477914, 0.44537263814042954, 0.4455292712467207, 0.44568479819461093, 0.4458392313043306, 0.44599258269298825, 0.4461448642790381, 0.44629608778662355, 0.4464462647498053, 0.44659540651667146, 0.4467435242533403, 0.4468906289478528, 0.4470367314139641, 0.44718184229483215, 0.44732597206661023, 0.44746913104194525, 0.44761132937338366, 0.4477525770566905, 0.4478928839340818], "MAE": [1.3250268018198226, 1.3244699985655009, 1.3239179477172758, 1.3233693202169288, 1.3228260534357137, 1.3222895749327186, 1.3217563653900988, 1.3212263863288647, 1.3206995999569275, 1.3201759691525459, 1.3196554574482748, 1.3191380290154011, 1.318629764256133, 1.3181274218882144, 1.3176280076461038, 1.3171371328404606, 1.3166603090629303, 1.3161952644463752, 1.3157407812315443, 1.3152888228990294, 1.3148393624724464, 1.3143967487062869, 1.3139571862757258, 1.3135268607469566, 1.3130990457775353, 1.3126735141524164, 1.312250242476207, 1.311829207716983, 1.3114103871986587, 1.3109938539231614, 1.3105883492648909, 1.3101965577973764, 1.3098090805666818, 1.3094270852942778, 1.3090482491352344, 1.3086712978088864, 1.308296213295078, 1.307922977834757, 1.3075515739248684, 1.307187169504825, 1.306826209083349, 1.306466998206306, 1.3061095205914814, 1.305753760186292, 1.30539970116342, 1.3050473279165475, 1.3046966250561969, 1.3043475774056648, 1.3040001699970574, 1.303654388067416, 1.3033102170549342, 1.3029676425952614, 1.3026266505178958, 1.3022872268426549, 1.3019511355513456, 1.3016167110424177, 1.3012837924421603, 1.300952366792901, 1.3006224213055415, 1.3002939433566043]}