{"dim_0_values": [16050.0, 16100.0, 16150.0, 16200.0, 16250.0, 16300.0, 16350.0, 16400.0, 16450.0, 16500.0, 16550.0, 16600.0, 16650.0, 16700.0, 16750.0, 16800.0, 16850.0, 16900.0, 16950.0, 17000.0, 17050.0, 17100.0, 17150.0, 17200.0, 17250.0, 17300.0, 17350.0, 17400.0, 17450.0, 17500.0, 17550.0, 17600.0, 17650.0, 17700.0, 17750.0, 17800.0, 17850.0, 17900.0, 17950.0, 18000.0, 18050.0, 18100.0, 18150.0, 18200.0, 18250.0, 18300.0, 18350.0, 18400.0, 18450.0, 18500.0, 18550.0, 18600.0, 18650.0, 18700.0, 18750.0, 18800.0, 18850.0, 18900.0, 18950.0, 19000.0], "dim_0_label": "lambda", "correlation": [0.4599535406696819, 0.46002411170666213, 0.46009433708839614, 0.46016421907072497, 0.4602337598885218, 0.4603029617559502, 0.4603718268667202, 0.46044035739433986, 0.4605085554923609, 0.4605764232946245, 0.46064396291549964, 0.4607111764501199, 0.4607780659746157, 0.4608446335463437, 0.4609108812041125, 0.4609768109684047, 0.4610424248415953, 0.46110772480816786, 0.4611727128349274, 0.4612373908712079, 0.46130176084908037, 0.4613658246835547, 0.46142958427277964, 0.46149304149824116, 0.4615561982249553, 0.46161905630165995, 0.4616816175610043, 0.46174388381973325, 0.46180585687887177, 0.4618675385239052, 0.46192893052495654, 0.4619900346369628, 0.462050852599847, 0.46211138613868863, 0.4621716369638929, 0.462231606771354, 0.46229129724262097, 0.46235071004505657, 0.462409846831997, 0.46246870924290806, 0.46252729890353933, 0.4625856174260769, 0.4626436664092922, 0.4627014474386911, 0.46275896208665934, 0.4628162119126059, 0.4628731984631058, 0.46292992327203936, 0.46298638786073054, 0.46304259373808265, 0.4630985424007139, 0.46315423533308797, 0.4632096740076465, 0.46326485988493654, 0.46331979441373905, 0.46337447903119344, 0.4634289151629216, 0.4634831042231505, 0.46353704761483244, 0.46359074672976347], "MAE": [1.2731105076461902, 1.2729590262466501, 1.2728079680833224, 1.2726573309788836, 1.2725071127727667, 1.2723573461617097, 1.2722092379195973, 1.272061540229728, 1.2719142509979429, 1.271767368146071, 1.271620889611766, 1.2714748133483442, 1.271329137324624, 1.2711838595247686, 1.271038977948129, 1.270894490609092, 1.270750395536925, 1.2706066907756302, 1.2704633743837934, 1.2703204444344391, 1.2701778990148855, 1.2700357362266026, 1.2698939541850718, 1.2697539336263577, 1.2696157557130032, 1.269477942565355, 1.26934049242361, 1.2692034035406314, 1.2690672353457575, 1.2689328962156805, 1.268798903624227, 1.268665255939799, 1.2685319515422524, 1.2683989888227911, 1.2682663661838578, 1.2681358541422245, 1.2680060152431658, 1.267876505367362, 1.2677473229952247, 1.267618466617624, 1.2674899347357926, 1.2673617258612284, 1.2672338385156028, 1.267106271230665, 1.2669790225481503, 1.2668542747901923, 1.2667299743961098, 1.2666064278376172, 1.2664852923872585, 1.2663664957853757, 1.2662488390240276, 1.266132038962523, 1.266015522333361, 1.2658992878796649, 1.2657833343528604, 1.265667660512601, 1.2655522651266933, 1.26543714697103, 1.2653224412627635, 1.2652080752895076]}