{"dim_0_values": [19050.0, 19100.0, 19150.0, 19200.0, 19250.0, 19300.0, 19350.0, 19400.0, 19450.0, 19500.0, 19550.0, 19600.0, 19650.0, 19700.0, 19750.0, 19800.0, 19850.0, 19900.0, 19950.0, 20000.0, 20050.0, 20100.0, 20150.0, 20200.0, 20250.0, 20300.0, 20350.0, 20400.0, 20450.0, 20500.0, 20550.0, 20600.0, 20650.0, 20700.0, 20750.0, 20800.0, 20850.0, 20900.0, 20950.0, 21000.0, 21050.0, 21100.0, 21150.0, 21200.0, 21250.0, 21300.0, 21350.0, 21400.0, 21450.0, 21500.0, 21550.0, 21600.0, 21650.0, 21700.0, 21750.0, 21800.0, 21850.0, 21900.0, 21950.0, 22000.0], "dim_0_label": "lambda", "correlation": [0.4969964764550006, 0.49701386013848153, 0.49703106776434375, 0.49704810039312197, 0.49706495907700865, 0.49708164485994066, 0.49709815877768315, 0.4971145018579143, 0.49713067512030745, 0.4971466795766123, 0.49716251623073615, 0.4971781860788226, 0.4971936901093309, 0.4972090293031129, 0.49722420463348943, 0.49723921706632607, 0.49725406756010826, 0.4972687570660133, 0.4972832865279851, 0.4972976568828044, 0.497311869060161, 0.49732592398272235, 0.4973398225662039, 0.49735356571943684, 0.4973671543444357, 0.4973805893364648, 0.4973938715841046, 0.4974070019693161, 0.49741998136750554, 0.49743281064758693, 0.4974454906720464, 0.4974580222970019, 0.49747040637226675, 0.4974826437414078, 0.49749473524180654, 0.49750668170471796, 0.497518483955328, 0.497530142812812, 0.49754165909039144, 0.49755303359538955, 0.49756426712928714, 0.4975753604877785, 0.49758631446082374, 0.49759712983270404, 0.4976078073820738, 0.49761834788201303, 0.4976287521000798, 0.4976390207983604, 0.49764915473352034, 0.4976591546568547, 0.4976690213143366, 0.4976787554466669, 0.4976883577893221, 0.49769782907260196, 0.4977071700216771, 0.49771638135663443, 0.49772546379252525, 0.49773441803940843, 0.49774324480239773, 0.49775194478170465], "MAE": [1.0072552798213772, 1.0071681046784153, 1.007081161018669, 1.006994447803591, 1.0069085544901089, 1.0068230674598153, 1.0067378043692963, 1.0066527642232663, 1.0065680219063113, 1.0064841388631605, 1.0064004759879877, 1.0063170323013, 1.0062338068295573, 1.0061507986051268, 1.0060680066662386, 1.0059854300569422, 1.0059030678270613, 1.0058209190321514, 1.0057389827334566, 1.0056572579978666, 1.0055757438978745, 1.005494439511535, 1.0054143201102954, 1.00533539003949, 1.005256660779764, 1.0051781314611388, 1.0050998012187902, 1.005021669193011, 1.004944755082191, 1.0048692911090147, 1.0047943778558275, 1.004719652215142, 1.0046454323922351, 1.0045720328372703, 1.0044988173752203, 1.004425785220236, 1.0043529355910439, 1.0042802677109122, 1.0042077808076193, 1.0041354741134207, 1.0040633468650162, 1.0039913983035187, 1.003919627674422, 1.003848428514319, 1.0037779061827679, 1.0037075576807166, 1.0036373822815599, 1.0035673792628197, 1.00349754790612, 1.0034278874971558, 1.0033583973256661, 1.003289076685404, 1.003219924874109, 1.00315094119348, 1.0030821249491475, 1.0030134754506446, 1.0029451580486797, 1.0028786068686557, 1.0028122157250496, 1.0027475167233206]}