{"dim_0_values": [13050.0, 13100.0, 13150.0, 13200.0, 13250.0, 13300.0, 13350.0, 13400.0, 13450.0, 13500.0, 13550.0, 13600.0, 13650.0, 13700.0, 13750.0, 13800.0, 13850.0, 13900.0, 13950.0, 14000.0, 14050.0, 14100.0, 14150.0, 14200.0, 14250.0, 14300.0, 14350.0, 14400.0, 14450.0, 14500.0, 14550.0, 14600.0, 14650.0, 14700.0, 14750.0, 14800.0, 14850.0, 14900.0, 14950.0, 15000.0, 15050.0, 15100.0, 15150.0, 15200.0, 15250.0, 15300.0, 15350.0, 15400.0, 15450.0, 15500.0, 15550.0, 15600.0, 15650.0, 15700.0, 15750.0, 15800.0, 15850.0, 15900.0, 15950.0, 16000.0], "dim_0_label": "lambda", "correlation": [0.44595348053509065, 0.4459859638231098, 0.4460180578040942, 0.44604976644751926, 0.44608109367113, 0.4461120433417848, 0.4461426192762804, 0.44617282524216195, 0.4462026649585174, 0.4462321420967553, 0.44626126028136887, 0.44629002309068505, 0.4463184340575973, 0.44634649667028736, 0.4463742143729312, 0.44640159056639145, 0.4464286286088973, 0.4464553318167123, 0.4464817034647879, 0.44650774678740496, 0.446533464978805, 0.4465588611938075, 0.4465839385484169, 0.44660870012041776, 0.44663314894995976, 0.4466572880401307, 0.44668112035751967, 0.4467046488327706, 0.4467278763611238, 0.4467508058029494, 0.44677343998427055, 0.44679578169727674, 0.44681783370082884, 0.4468395987209531, 0.44686107945132936, 0.4468822785537677, 0.4469031986586781, 0.44692384236553123, 0.4469442122433113, 0.4469643108309608, 0.4469841406378177, 0.447003704144045, 0.4470230038010514, 0.4470420420319074, 0.4470608212317514, 0.44707934376819025, 0.44709761198169273, 0.44711562818597633, 0.44713339466838614, 0.4471509136902699, 0.4471681874873431, 0.44718521827005175, 0.4472020082239258, 0.44721855950992817, 0.4472348742647976, 0.4472509546013858, 0.447266802608989, 0.4472824203536735, 0.44729780987859613, 0.4473129732043198], "MAE": [5.357109190079602, 5.356906899348107, 5.356705375483376, 5.35650461251644, 5.356304604547511, 5.356105345744944, 5.355906830344215, 5.355709052646914, 5.35551200701977, 5.355323223557449, 5.3551392588496896, 5.354955975392519, 5.354773367972715, 5.35459143143645, 5.35441016068842, 5.354229550690979, 5.354049596463297, 5.353870293080521, 5.353691635672962, 5.353513619425297, 5.3533363619123175, 5.3531700396993855, 5.353004295787565, 5.352839126055201, 5.352674526424677, 5.352510492861802, 5.352347021375212, 5.352184108015767, 5.352027892655191, 5.35187956055944, 5.3517317128221675, 5.351584346139858, 5.3514374572431445, 5.351291042896361, 5.351145099897076, 5.35099962507565, 5.350854615294795, 5.350710067449145, 5.35056601584194, 5.350423515297352, 5.350281463312443, 5.350150038145032, 5.350022953992459, 5.349896279348624, 5.349770011473056, 5.349650163063032, 5.349534217206721, 5.349418641690947, 5.34930343400749, 5.3491885916735935, 5.349074112231642, 5.3489599932488145, 5.348846232316782, 5.34873282705137, 5.3486197750922635, 5.348507074102681, 5.348394721769088, 5.348282715800882, 5.348171053930119, 5.3480597339111995]}