{"dim_0_values": [16050.0, 16100.0, 16150.0, 16200.0, 16250.0, 16300.0, 16350.0, 16400.0, 16450.0, 16500.0, 16550.0, 16600.0, 16650.0, 16700.0, 16750.0, 16800.0, 16850.0, 16900.0, 16950.0, 17000.0, 17050.0, 17100.0, 17150.0, 17200.0, 17250.0, 17300.0, 17350.0, 17400.0, 17450.0, 17500.0, 17550.0, 17600.0, 17650.0, 17700.0, 17750.0, 17800.0, 17850.0, 17900.0, 17950.0, 18000.0, 18050.0, 18100.0, 18150.0, 18200.0, 18250.0, 18300.0, 18350.0, 18400.0, 18450.0, 18500.0, 18550.0, 18600.0, 18650.0, 18700.0, 18750.0, 18800.0, 18850.0, 18900.0, 18950.0, 19000.0], "dim_0_label": "lambda", "correlation": [0.44732791232912306, 0.4473426292293048, 0.4473571258594845, 0.44737140415289717, 0.4473854660216822, 0.44739931335717015, 0.44741294803016257, 0.44742637189120843, 0.4474395867708757, 0.4474525944800182, 0.44746539681003966, 0.4474779955331509, 0.44749039240262595, 0.44750258915305124, 0.44751458750057344, 0.447526389143141, 0.4475379957607439, 0.4475494090156475, 0.44756063055262507, 0.44757166199918513, 0.447582504965795, 0.4475931610461022, 0.4476036318171513, 0.44761391883959756, 0.4476240236579184, 0.4476339478006191, 0.4476436927804385, 0.4476532600945487, 0.44766265122475374, 0.4476718676376842, 0.4476809107849888, 0.4476897821035241, 0.44769848301553916, 0.44770701492886095, 0.4477153792370731, 0.44772357731969425, 0.4477316105423537, 0.447739480256963, 0.4477471878018865, 0.4477547345021095, 0.4477621216694012, 0.4477693506024794, 0.44777642258716893, 0.4477833388965602, 0.447790100791165, 0.4477967095190679, 0.44780316631607986, 0.44780947240588453, 0.44781562900018607, 0.4478216372988531, 0.4478274984900611, 0.4478332137504333, 0.44783878424517765, 0.4478442111282243, 0.44784949554235953, 0.44785463861935787, 0.4478596414801128, 0.44786450523476556, 0.4478692309828321, 0.4478738198133278], "MAE": [5.347948753520603, 5.347838110556601, 5.347727802838979, 5.347617828208768, 5.347508184527973, 5.347409215953714, 5.347312581978256, 5.347216220066246, 5.34713308344362, 5.347052699088388, 5.346972914744918, 5.346893341606989, 5.346813978312967, 5.346734823515038, 5.3466558758790335, 5.346577134084242, 5.346498596823243, 5.346420262801735, 5.346342130738364, 5.346264199364554, 5.346186467424353, 5.346108933674257, 5.346031596883069, 5.345956090047568, 5.345888112910222, 5.345820297964843, 5.345752644220194, 5.34568515069483, 5.345617816416982, 5.345550640424427, 5.3454836217643695, 5.345416759493326, 5.345350052677007, 5.345283500390198, 5.345217101716651, 5.345150855748972, 5.345084761588509, 5.345018818345242, 5.3449530251376824, 5.344887381092764, 5.34482188534574, 5.344756537040075, 5.344691335327358, 5.344626279367186, 5.344561368327082, 5.3444966013823905, 5.344437849900311, 5.344383017261907, 5.344328287700317, 5.344273660665943, 5.344219135614408, 5.344164712006497, 5.34411038930808, 5.344056166990061, 5.344002044528313, 5.343948021403621, 5.343894097101612, 5.343840271112704, 5.343786542932048, 5.34373291205947]}