{"dim_0_values": [0.001, 0.790421052631579, 1.579842105263158, 2.369263157894737, 3.158684210526316, 3.948105263157895, 4.7375263157894745, 5.5269473684210535, 6.3163684210526325, 7.1057894736842115, 7.895210526315791, 8.68463157894737, 9.474052631578948, 10.263473684210526, 11.052894736842106, 11.842315789473686, 12.631736842105264, 13.421157894736842, 14.210578947368422, 15.0], "dim_0_label": "lambda", "correlation": [0.3065189744353025, 0.30708386664573684, 0.30764180527914875, 0.30819295711913214, 0.30873748311997007, 0.3092755386714514, 0.30980727384875895, 0.31033283364863756, 0.3108523582126396, 0.3113659830382711, 0.3118738391789282, 0.31237605343318786, 0.31287274852423924, 0.3133640432700376, 0.31385005274470756, 0.31433088843175194, 0.3148066583696169, 0.315277467289983, 0.31574341674923767, 0.31620460525357785], "MAE": [1.7385165324947711, 1.735005047908164, 1.731534675940758, 1.7281045165778879, 1.724713698850171, 1.7213915167517024, 1.7181405346673073, 1.7149291967767717, 1.711769282992146, 1.7086434494560485, 1.7055647326782142, 1.7025245539659242, 1.6995222555824112, 1.6965569123680289, 1.6936379108958708, 1.6907575957361252, 1.687913307956881, 1.685097266420789, 1.6823091777689083, 1.6795517750280828]}