{"dim_0_values": [19050.0, 19100.0, 19150.0, 19200.0, 19250.0, 19300.0, 19350.0, 19400.0, 19450.0, 19500.0, 19550.0, 19600.0, 19650.0, 19700.0, 19750.0, 19800.0, 19850.0, 19900.0, 19950.0, 20000.0, 20050.0, 20100.0, 20150.0, 20200.0, 20250.0, 20300.0, 20350.0, 20400.0, 20450.0, 20500.0, 20550.0, 20600.0, 20650.0, 20700.0, 20750.0, 20800.0, 20850.0, 20900.0, 20950.0, 21000.0, 21050.0, 21100.0, 21150.0, 21200.0, 21250.0, 21300.0, 21350.0, 21400.0, 21450.0, 21500.0, 21550.0, 21600.0, 21650.0, 21700.0, 21750.0, 21800.0, 21850.0, 21900.0, 21950.0, 22000.0], "dim_0_label": "lambda", "correlation": [0.4636442029487018, 0.4636974176414828, 0.46375039216713343, 0.4638031278739856, 0.46385562609978637, 0.46390788817180956, 0.46395991540696185, 0.4640117091118921, 0.46406327058309577, 0.4641146011070193, 0.4641657019601633, 0.46421657440918385, 0.4642672197109935, 0.4643176391128598, 0.4643678338525024, 0.4644178051581913, 0.46446755424884106, 0.4645170823341042, 0.4645663906144659, 0.4646154802813346, 0.46466435251713284, 0.46471300849538627, 0.46476144938081315, 0.4648096763294108, 0.4648576904885416, 0.4649054929970185, 0.4649530849851893, 0.4650004675750193, 0.46504764188017295, 0.4650946090060959, 0.4651413700500937, 0.4651879261014122, 0.46523427824131436, 0.46528042754315885, 0.4653263750724742, 0.46537212188703586, 0.4654176690369403, 0.46546301756467745, 0.4655081685052044, 0.4655531228860162, 0.4655978817272182, 0.4656424460415942, 0.465686816834677, 0.46573099510481597, 0.4657749818432457, 0.4658187780341516, 0.46586238465473645, 0.46590580267528553, 0.4659490330592312, 0.46599207676321647, 0.46603493473715796, 0.4660776079243081, 0.46612009726131703, 0.4661624036782928, 0.4662045280988618, 0.46624647144022857, 0.4662882346132332, 0.46632981852241123, 0.4663712240660496, 0.4664124521362442], "MAE": [1.2650943666070529, 1.2649821458755937, 1.2648706333757607, 1.2647593845099114, 1.264648398138998, 1.2645393771887061, 1.2644313159481297, 1.2643235053358324, 1.2642159442893572, 1.2641086317529462, 1.2640015666774849, 1.2638947480204443, 1.2637881747458277, 1.263681845824115, 1.2635757602322075, 1.2634699169533765, 1.2633643149772078, 1.2632589532995515, 1.263153830922468, 1.263048946854178, 1.2629443001090122, 1.262840390477281, 1.2627371910799898, 1.2626342241700703, 1.2625314887949968, 1.2624289840080296, 1.2623267088681704, 1.262226145704884, 1.262126087630188, 1.2620272316270815, 1.2619290116528137, 1.2618310078284247, 1.2617332192917392, 1.2616356451856572, 1.2615382846581111, 1.2614415150779823, 1.2613461970848507, 1.2612510843757079, 1.2611561761503762, 1.2610614716132755, 1.260967864815218, 1.2608757399026391, 1.2607838122870243, 1.260692639774639, 1.2606019408809066, 1.2605114341946604, 1.2604211189760035, 1.2603309944892336, 1.260241060002811, 1.2601513147893262, 1.2600617581254716, 1.2599723892920092, 1.2598832075737412, 1.2597965656319636, 1.259710929933451, 1.2596254719906501, 1.2595401911344917, 1.2594550866996084, 1.259370158024308, 1.2592854044505466]}