{"dim_0_values": [13050.0, 13100.0, 13150.0, 13200.0, 13250.0, 13300.0, 13350.0, 13400.0, 13450.0, 13500.0, 13550.0, 13600.0, 13650.0, 13700.0, 13750.0, 13800.0, 13850.0, 13900.0, 13950.0, 14000.0, 14050.0, 14100.0, 14150.0, 14200.0, 14250.0, 14300.0, 14350.0, 14400.0, 14450.0, 14500.0, 14550.0, 14600.0, 14650.0, 14700.0, 14750.0, 14800.0, 14850.0, 14900.0, 14950.0, 15000.0, 15050.0, 15100.0, 15150.0, 15200.0, 15250.0, 15300.0, 15350.0, 15400.0, 15450.0, 15500.0, 15550.0, 15600.0, 15650.0, 15700.0, 15750.0, 15800.0, 15850.0, 15900.0, 15950.0, 16000.0], "dim_0_label": "lambda", "correlation": [0.45411096376139976, 0.4541926181635324, 0.4542737521023051, 0.45435437001844536, 0.45443447629992045, 0.45451407528274684, 0.45459317125178844, 0.45467176844153634, 0.4547498710368761, 0.45482748317383914, 0.4549046089403415, 0.4549812523769089, 0.45505741747738604, 0.4551331081896359, 0.45520832841622494, 0.4552830820150947, 0.45535737280022315, 0.4554312045422718, 0.45550458096922364, 0.4555775057670073, 0.45564998258011075, 0.45572201501218473, 0.4557936066266346, 0.45586476094720135, 0.45593548145853297, 0.4560057716067461, 0.45607563479997637, 0.45614507440892055, 0.45621409376736755, 0.4562826961727226, 0.4563508848865195, 0.45641866313492574, 0.4564860341092393, 0.4565530009663746, 0.4566195668293426, 0.4566857347877216, 0.4567515078981198, 0.4568168891846295, 0.45688188163927657, 0.4569464882224574, 0.4570107118633735, 0.45707455546045433, 0.4571380218817779, 0.4572011139654788, 0.45726383452015446, 0.4573261863252612, 0.4573881721315061, 0.4574497946612311, 0.45751105660879016, 0.45757196064092237, 0.4576325093971172, 0.45769270548997454, 0.45775255150555866, 0.45781205000374614, 0.4578712035185692, 0.4579300145585523, 0.457988485607045, 0.45804661912254646, 0.4581044175390291, 0.45816188326625207], "MAE": [2.6118516187374707, 2.6115468023066497, 2.611248422264809, 2.6109541553787174, 2.6106612015613093, 2.6103696088676305, 2.610080596222614, 2.6097927114395314, 2.6095059464859998, 2.6092202934139914, 2.6089357443586634, 2.6086522915371932, 2.6083699272476437, 2.6080886438678443, 2.6078110841493207, 2.6075399862411786, 2.607269910202378, 2.607000848985419, 2.60673279561445, 2.606465743184301, 2.6062010643775073, 2.605939568521605, 2.605679037994149, 2.6054194662528336, 2.6051608468207847, 2.604903173285688, 2.604646439298938, 2.6043906385747904, 2.6041357648895436, 2.603886773202032, 2.6036429243159747, 2.6033999545104245, 2.6031578579749794, 2.6029166289558296, 2.6026762617550294, 2.6024393367958893, 2.602204145021408, 2.6019698279246954, 2.601736346538838, 2.6015036954366186, 2.601271869242492, 2.6010408626319386, 2.6008106703308194, 2.6005812871147502, 2.6003527078084754, 2.6001249272852633, 2.5998979404663, 2.599671742320098, 2.5994463278619153, 2.59922169215318, 2.598997830300924, 2.5987747374572274, 2.59855257913088, 2.598337563032864, 2.5981232701077004, 2.5979096959241943, 2.5976968360910755, 2.5974846862565237, 2.5972732421076943, 2.5970624993702605]}