{"dim_0_values": [2050.0, 2100.0, 2150.0, 2200.0, 2250.0, 2300.0, 2350.0, 2400.0, 2450.0, 2500.0, 2550.0, 2600.0, 2650.0, 2700.0, 2750.0, 2800.0, 2850.0, 2900.0, 2950.0, 3000.0, 3050.0, 3100.0, 3150.0, 3200.0, 3250.0, 3300.0, 3350.0, 3400.0, 3450.0, 3500.0, 3550.0, 3600.0, 3650.0, 3700.0, 3750.0, 3800.0, 3850.0, 3900.0, 3950.0, 4000.0], "dim_0_label": "lambda", "correlation": [0.401437148087558, 0.40231625496377676, 0.4031697533092242, 0.40399879808455536, 0.4048044716681089, 0.4055877897137123, 0.4063497064321983, 0.4070911193633287, 0.40781287369598435, 0.4085157661869396, 0.409200548722109, 0.40986793155865364, 0.41051858628159943, 0.41115314850455253, 0.4117722203405793, 0.41237637266626714, 0.4129661471993423, 0.4135420584079114, 0.41410459526738674, 0.4146542228793987, 0.4151913839654571, 0.4157165002467553, 0.4162299737203511, 0.4167321878408628, 0.4172235086159314, 0.41770428562284395, 0.41817485295300305, 0.4186355300902669, 0.41908662272860814, 0.41952842353403363, 0.41996121285522703, 0.4203852593869838, 0.4208008207901273, 0.42120814427126413, 0.42160746712544794, 0.4219990172445319, 0.42238301359378133, 0.4227596666590631, 0.4231291788667588, 0.4234917449783565], "MAE": [5.729284031809426, 5.719963669193106, 5.711107694465867, 5.702528825524403, 5.6941324415644745, 5.686036408419345, 5.678359703000019, 5.6708537241344805, 5.663582414744748, 5.656545022202286, 5.649648757543828, 5.642892047124411, 5.636321577824539, 5.6300661996260954, 5.623986792309713, 5.618092907223373, 5.61244990018554, 5.606904230000345, 5.601461656273799, 5.596187594052423, 5.591134236734772, 5.586227592171515, 5.581422404266416, 5.576770116789417, 5.572319270528513, 5.56804744566688, 5.563902931872276, 5.559820764978618, 5.555827838759047, 5.55195493875792, 5.5482099011569606, 5.544651379482718, 5.541169399593853, 5.537761239983956, 5.5344586576479395, 5.531231878806291, 5.528046093840158, 5.52493441397574, 5.521966179762673, 5.519056452844232]}