{"dim_0_values": [4050.0, 4100.0, 4150.0, 4200.0, 4250.0, 4300.0, 4350.0, 4400.0, 4450.0, 4500.0, 4550.0, 4600.0, 4650.0, 4700.0, 4750.0, 4800.0, 4850.0, 4900.0, 4950.0, 5000.0, 5050.0, 5100.0, 5150.0, 5200.0, 5250.0, 5300.0, 5350.0, 5400.0, 5450.0, 5500.0, 5550.0, 5600.0, 5650.0, 5700.0, 5750.0, 5800.0, 5850.0, 5900.0, 5950.0, 6000.0, 6050.0, 6100.0, 6150.0, 6200.0, 6250.0, 6300.0, 6350.0, 6400.0, 6450.0, 6500.0, 6550.0, 6600.0, 6650.0, 6700.0, 6750.0, 6800.0, 6850.0, 6900.0, 6950.0, 7000.0], "dim_0_label": "lambda", "correlation": [0.4238475524615211, 0.42419678183929027, 0.42453960701891724, 0.4248761956017562, 0.4252067091754719, 0.42553130358976954, 0.4258501292167305, 0.42616333119677074, 0.42647104967115135, 0.42677342000191526, 0.42707057298004236, 0.4273626350225678, 0.4276497283593584, 0.42793197121017534, 0.42820947795262765, 0.4284823592815629, 0.4287507223604109, 0.42901467096495494, 0.4292743056199848, 0.429529723729238, 0.4297810196990201, 0.4300282850558685, 0.43027160855859464, 0.4305110763050229, 0.4307467718337186, 0.43097877622098624, 0.4312071681733933, 0.4314320241160638, 0.4316534182769724, 0.43187142276744384, 0.43208610765907024, 0.4322975410572242, 0.4325057891713502, 0.4327109163821993, 0.432912985306164, 0.4331120568568587, 0.43330819030408685, 0.43350144333032475, 0.43369187208484317, 0.43387953123558726, 0.4340644740189198, 0.43424675228733295, 0.43442641655522635, 0.4346035160428461, 0.4347780987184652, 0.4349502113388958, 0.4351198994884068, 0.4352872076161192, 0.4354521790719549, 0.4356148561411986, 0.4357752800777409, 0.435933491136057, 0.43608952860198263, 0.4362434308223362, 0.43639523523344076, 0.436544978388593, 0.4366926959845247, 0.4368384228869, 0.4369821931548923, 0.4371240400648741], "MAE": [5.5161920597297565, 5.513375740749246, 5.510593349493988, 5.507844139133635, 5.505127386833086, 5.502442392739432, 5.499788479021728, 5.497164988960324, 5.494603408937068, 5.492115047177035, 5.489665516478886, 5.487253553393329, 5.484945242985898, 5.482662291475825, 5.480412232742888, 5.478210348292626, 5.476080964894963, 5.473973962787952, 5.471888912222833, 5.469825395478654, 5.467816600532056, 5.465864853750938, 5.46398367665582, 5.4621312516781435, 5.46030656378966, 5.458530309887936, 5.456812210960357, 5.455176347261122, 5.453579739300341, 5.451998002248447, 5.450430880242694, 5.4488784441148495, 5.447349702785301, 5.445834782266308, 5.444341694947445, 5.442876614440251, 5.441440984243953, 5.440025036379105, 5.438621635228816, 5.437245933538439, 5.435884030842556, 5.43453395672288, 5.4331955229739854, 5.431868545747177, 5.430552845418125, 5.429249961534296, 5.42802324203948, 5.426814718934181, 5.42561631821662, 5.424427885417103, 5.423255743001431, 5.422106155116772, 5.420965985473518, 5.419874246754689, 5.418856155044722, 5.417873062150887, 5.416897813253539, 5.415930293687199, 5.414975972683042, 5.414048811923825]}