{"dim_0_values": [15.0, 22.105263157894736, 29.210526315789473, 36.31578947368421, 43.421052631578945, 50.526315789473685, 57.631578947368425, 64.73684210526315, 71.84210526315789, 78.94736842105263, 86.05263157894737, 93.15789473684211, 100.26315789473685, 107.36842105263159, 114.47368421052632, 121.57894736842105, 128.68421052631578, 135.78947368421052, 142.89473684210526, 150.0], "dim_0_label": "lambda", "correlation": [0.2772926492468197, 0.27977398719169716, 0.2820953758153317, 0.28427926694953043, 0.2863435631075527, 0.28830276328157856, 0.29016877222541837, 0.2919514845090888, 0.2936592141227655, 0.2952990158675149, 0.2968769294647486, 0.29839816752020193, 0.299867262062182, 0.30128818008268826, 0.3026644155863824, 0.30399906362544504, 0.3052948803713957, 0.30655433225592754, 0.3077796364751196, 0.3089727946113469], "MAE": [8.041216862706548, 7.9549965673759635, 7.878553911371517, 7.80898390085315, 7.744654804550353, 7.68404650094589, 7.62755781887666, 7.575289346903153, 7.525851888952719, 7.479172369988206, 7.435065064297744, 7.393040061475312, 7.352568357869159, 7.314366448888731, 7.278030871905059, 7.243185204490991, 7.210009142337079, 7.17881287474493, 7.149088541866, 7.120792153989582]}