{"dim_0_values": [0.001, 0.790421052631579, 1.579842105263158, 2.369263157894737, 3.158684210526316, 3.948105263157895, 4.7375263157894745, 5.5269473684210535, 6.3163684210526325, 7.1057894736842115, 7.895210526315791, 8.68463157894737, 9.474052631578948, 10.263473684210526, 11.052894736842106, 11.842315789473686, 12.631736842105264, 13.421157894736842, 14.210578947368422, 15.0], "dim_0_label": "lambda", "correlation": [0.36676609848585845, 0.36729280876193054, 0.36781388529034587, 0.36832944294186953, 0.3688395930931204, 0.36934444376851844, 0.3698440997749793, 0.3703386628298564, 0.3708282316824682, 0.37131290222968505, 0.3717927676258521, 0.37226791838742673, 0.3727384424925914, 0.37320442547620336, 0.3736659505202142, 0.3741230985400194, 0.37457594826673696, 0.3750245763257869, 0.3754690573119589, 0.3759094638610823], "MAE": [1.7991116199375952, 1.796074791161087, 1.7930731879765511, 1.7901006739282896, 1.787158396404998, 1.7842548079187128, 1.7813935432858083, 1.778562192072368, 1.775767644975373, 1.7730064885176653, 1.770280562868764, 1.7675815384279747, 1.7649173435758898, 1.7622873453375414, 1.7596804136594968, 1.7570961678144568, 1.7545342365244345, 1.7519942576451926, 1.7494758778640158, 1.7469787524100222]}