{"dim_0_values": [1050.0, 1100.0, 1150.0, 1200.0, 1250.0, 1300.0, 1350.0, 1400.0, 1450.0, 1500.0, 1550.0, 1600.0, 1650.0, 1700.0, 1750.0, 1800.0, 1850.0, 1900.0, 1950.0, 2000.0], "dim_0_label": "lambda", "correlation": [0.48827385703461823, 0.4898433530535567, 0.491331858876829, 0.4927462918957019, 0.4940927480626065, 0.49537662576286523, 0.49660272725218424, 0.4977753423585212, 0.49889831803891244, 0.4999751165623381, 0.5010088644770102, 0.5020023940576646, 0.5029582785756064, 0.5038788624628275, 0.5047662872309676, 0.5056225138413684, 0.5064493420928212, 0.5072484274909155, 0.5080212959808541, 0.5087693568597632], "MAE": [1.2811271266090587, 1.2759508041697376, 1.2711891789528622, 1.2667117717053595, 1.2624724098871773, 1.2584035726499396, 1.254561548015737, 1.2509749493728246, 1.247581157692259, 1.2443673929310994, 1.2412760626590065, 1.2382780100114832, 1.2353964465181617, 1.232639755008003, 1.2299662156948565, 1.2273945828681463, 1.224897975382043, 1.2224955840749532, 1.220170591076339, 1.2179009605643474]}