{"dim_0_values": [1050.0, 1100.0, 1150.0, 1200.0, 1250.0, 1300.0, 1350.0, 1400.0, 1450.0, 1500.0, 1550.0, 1600.0, 1650.0, 1700.0, 1750.0, 1800.0, 1850.0, 1900.0, 1950.0, 2000.0], "dim_0_label": "lambda", "correlation": [0.4429526576688546, 0.44480071914160396, 0.4465542789385901, 0.44822148005778556, 0.44980949806048176, 0.45132468564580885, 0.4527726914313697, 0.4541585582488831, 0.4554868050335021, 0.45676149547042977, 0.45798629587457707, 0.4591645242567502, 0.46029919212970294, 0.4613930402980869, 0.4624485696353874, 0.4634680676617979, 0.464453631587434, 0.46540718836629535, 0.46633051221107197, 0.46722523994210946], "MAE": [1.1996917933166018, 1.1947335263754935, 1.1900399071228989, 1.1856172955908086, 1.181440062085684, 1.1774946016978167, 1.1737256517864407, 1.1701428199175175, 1.1667589221415278, 1.163555236434939, 1.1605457245812612, 1.1576488016695812, 1.1548590894066277, 1.1522222936403057, 1.1496842108206968, 1.147268892954738, 1.144960747337733, 1.142749113149766, 1.1406165967512885, 1.1385855495951125]}