{"dim_0_values": [15.0, 22.105263157894736, 29.210526315789473, 36.31578947368421, 43.421052631578945, 50.526315789473685, 57.631578947368425, 64.73684210526315, 71.84210526315789, 78.94736842105263, 86.05263157894737, 93.15789473684211, 100.26315789473685, 107.36842105263159, 114.47368421052632, 121.57894736842105, 128.68421052631578, 135.78947368421052, 142.89473684210526, 150.0], "dim_0_label": "lambda", "correlation": [0.31620460525357785, 0.3201561986800802, 0.3237891408915159, 0.3271507944325462, 0.3302787198713706, 0.33320318090324275, 0.3359489039240117, 0.33853634189592, 0.3409826001131018, 0.3433021261720365, 0.3455072322287207, 0.3476084958548366, 0.349615071619808, 0.35153493607984854, 0.3533750824432223, 0.35514167675154024, 0.35684018430794656, 0.3584754728692935, 0.3600518975215437, 0.36157337099048636], "MAE": [1.6795517750280828, 1.6562515183096425, 1.6352770673246326, 1.616194857511248, 1.5986756986037598, 1.5823414046112911, 1.5671987377451988, 1.5531308548049774, 1.5399668344816175, 1.5276187165793271, 1.5163145881169116, 1.50584996308444, 1.4959956552617113, 1.4866018684855982, 1.4776478690893797, 1.4692387864010243, 1.4613968827162738, 1.4539636610050397, 1.4469771852606208, 1.4403322320786296]}