{"dim_0_values": [15.0, 22.105263157894736, 29.210526315789473, 36.31578947368421, 43.421052631578945, 50.526315789473685, 57.631578947368425, 64.73684210526315, 71.84210526315789, 78.94736842105263, 86.05263157894737, 93.15789473684211, 100.26315789473685, 107.36842105263159, 114.47368421052632, 121.57894736842105, 128.68421052631578, 135.78947368421052, 142.89473684210526, 150.0], "dim_0_label": "lambda", "correlation": [0.31419974548700874, 0.3184185092413706, 0.3223225700011364, 0.3259559495735456, 0.3293538905081614, 0.3325450597018675, 0.33555309995997673, 0.33839774830075037, 0.3410956586282182, 0.34366101793665504, 0.34610601532589835, 0.34844120414953345, 0.350675785288198, 0.35281783133956185, 0.35487446595164296, 0.3568520086806352, 0.358756093053178, 0.3605917635861232, 0.3623635561239016, 0.36407556483321024], "MAE": [1.6926089448385497, 1.6680981465142621, 1.6459328753158915, 1.6260565084754566, 1.6080153085789677, 1.59149465498539, 1.5763728973249627, 1.562539270251073, 1.549622815947537, 1.5375557151342496, 1.526595909396637, 1.5163064050647206, 1.5065185055369283, 1.4973102755107834, 1.4885435754730116, 1.4801978997929681, 1.4723135878546196, 1.4648927113864956, 1.4578784151357673, 1.4511963068357283]}