{"dim_0_values": [0.0001, 7.75e-05, 5.5e-05, 3.2500000000000004e-05, 1e-05], "dim_0_label": "gamma", "dim_1_values": [1.0, 3.25, 5.5, 7.75, 10.0], "dim_1_label": "c", "correlation": [[0.47333308765711346, 0.47835777975964383, 0.47383169582065804, 0.47079348615321664, 0.46979241460978316], [0.4746487573860999, 0.4741374953321158, 0.4662505065104595, 0.462571096618467, 0.46044489491294555], [0.473152627228203, 0.46659205021147154, 0.4581170282221807, 0.4512580336919736, 0.44836702463170025], [0.47196368500245783, 0.45883436118775617, 0.4495248992968648, 0.4428600014840931, 0.43661605143112403], [0.4630383242861505, 0.4642740827617451, 0.45142565931653256, 0.4452578997040259, 0.4410155453669852]], "MAE": [[1.2278403609236732, 1.2355048150277577, 1.2451698312465602, 1.2486062455013525, 1.2494749364940967], [1.2275226530054586, 1.241429492865463, 1.2568163487955566, 1.262636678579223, 1.2650482422193254], [1.2306482282641833, 1.2559006722424941, 1.2757374109539488, 1.2878566508646434, 1.2933132412660386], [1.232050219698148, 1.2663746118286234, 1.2934781315629498, 1.3115298593437787, 1.326479168494916], [1.234837169121864, 1.2478061912943048, 1.2707825789462073, 1.2887851841372406, 1.3030875884546091]]}