{"dim_0_values": [7.75e-05, 0.0001, 0.0001225, 0.000145, 0.0001675], "dim_0_label": "gamma", "dim_1_values": [10.0, 12.25, 14.5, 16.75, 19.0], "dim_1_label": "c", "correlation": [[0.43834606261295067, 0.44176249180702537, 0.4433116434358504, 0.4436233279618181, 0.4439853744736075], [0.4393687524915328, 0.44182039686636965, 0.44348981629611905, 0.44445251378061346, 0.44524460532002774], [0.43590057308772817, 0.4390575087188144, 0.4410119840177467, 0.4418984561446822, 0.44232163233886057], [0.42990608831031296, 0.43364739498045196, 0.435541966415189, 0.43629868800440813, 0.4364857038728798], [0.4217670405134436, 0.42610480178341786, 0.427998019014697, 0.42846802319887256, 0.42851774717709645]], "MAE": [[5.363224163529913, 5.356851405573866, 5.353921583239593, 5.3552568263964515, 5.3553230544260115], [5.375495081356862, 5.368246990233069, 5.363236837961201, 5.362189968752738, 5.361865917857886], [5.40864034017954, 5.393291527722211, 5.387055732793239, 5.385025214189003, 5.385762477886559], [5.468142441044124, 5.447636229573538, 5.437459209015699, 5.434005660786021, 5.433254014200023], [5.5403741107474085, 5.520714832400663, 5.510319999557091, 5.50609723111266, 5.505232503264686]]}