{"dim_0_values": [1e-05, 3.2500000000000004e-05, 5.5e-05], "dim_0_label": "gamma", "dim_1_values": [0.9, 1.0, 3.25, 5.5, 7.75], "dim_1_label": "c", "correlation": [[0.5121476494917379, 0.5139400361115324, 0.5215512262293558, 0.5177897649353419, 0.5125860005837141], [0.5267190633924765, 0.5280664039779377, 0.5235519753852979, 0.512370960292169, 0.5102353981646843], [0.5321544925022054, 0.5335623272606574, 0.5263210675169914, 0.5254612168235981, 0.5259568903670488]], "MAE": [[1.037434168514007, 1.0356643521681856, 1.0297841803377672, 1.0365390861932633, 1.0460739494292262], [1.0243143758315159, 1.0232996624860635, 1.0306513546590126, 1.046568361321055, 1.0515108117261118], [1.0200996442407286, 1.0185007622011548, 1.026083426461, 1.0303432269759742, 1.032508302943307]]}