{"dim_0_values": [0.0001225], "dim_0_label": "gamma", "dim_1_values": [1.0, 3.25, 5.5], "dim_1_label": "c", "correlation": [[0.4683704308699895, 0.47934164325606976, 0.4770531535177616]], "MAE": [[1.2340203984420244, 1.233312760177825, 1.240523077197167]]}