{"dim_0_values": [1e-05, 3.25e-05, 5.5e-05], "dim_0_label": "gamma", "dim_1_values": [0.9, 1.0, 3.25, 5.5, 7.75], "dim_1_label": "c", "correlation": [[0.5303508528990832, 0.5332739317804016, 0.5548954910287969, 0.5510406829795972, 0.544913323923342], [0.5477353931737619, 0.5496797934939536, 0.54896193983137, 0.5384953114440315, 0.5340103675312643], [0.5479080754996011, 0.5498060896960212, 0.5489102051676842, 0.5452060840988914, 0.5450462687752949]], "MAE": [[1.1246765496563007, 1.1220665992929653, 1.1082568561441482, 1.1155569370142404, 1.1270826467324526], [1.1083485744306714, 1.106854457065761, 1.1126650645272163, 1.129130413744584, 1.1354085733844996], [1.1064001537445598, 1.105133913284641, 1.1057332952360233, 1.110505832951605, 1.112346546231609]]}