{"dim_0_values": [9e-06, 8e-06, 7.000000000000001e-06, 6e-06], "dim_0_label": "gamma", "dim_1_values": [0.9, 1.0, 3.25, 5.5, 7.75], "dim_1_label": "c", "correlation": [[0.5277735039735034, 0.5310609381277864, 0.5546610175455388, 0.5515508936970674, 0.5469708513296389], [0.524866065880538, 0.5281571307533991, 0.5537324013025409, 0.5524580264788415, 0.5487192145275073], [0.5206156727632503, 0.5247622134064053, 0.5523821454940436, 0.5534169248251524, 0.5496258211926732], [0.5148961695401999, 0.5196383882970529, 0.550724148334146, 0.554319993309819, 0.5509349796944985]], "MAE": [[1.1268607715909043, 1.12418394480983, 1.1080309090545701, 1.1145706743503283, 1.1241761135725843], [1.1291164009017924, 1.126654639115588, 1.1081569622774188, 1.1137501915202577, 1.121144827268198], [1.1325582294331966, 1.1292765441834238, 1.108684351116387, 1.112557668269503, 1.1188909123630462], [1.1370810839905103, 1.1333940902392228, 1.1094560924599681, 1.1102909056068189, 1.1165221944961783]]}