{"dim_0_values": [0.000145, 0.0001675, 0.00019], "dim_0_label": "gamma", "dim_1_values": [1.0, 3.25, 5.5], "dim_1_label": "c", "correlation": [[0.46021032600857636, 0.47663746738608664, 0.47559034165803693], [0.4495466994807787, 0.4699887848273419, 0.4701254495956865], [0.43732522630146964, 0.4601409855699342, 0.46117066672510115]], "MAE": [[1.2454209036975148, 1.2359912312322663, 1.2414561674978732], [1.2608936040730774, 1.2441718748776924, 1.2485358077076836], [1.278062434571627, 1.2578501574459489, 1.2610048986293734]]}