{"dim_0_values": [7.75e-05, 0.0001, 0.0001225, 0.000145, 0.0001675], "dim_0_label": "gamma", "dim_1_values": [0.9, 1.0, 3.25, 5.5, 7.75], "dim_1_label": "c", "correlation": [[0.5307511116260278, 0.5320715553084577, 0.5325580697810112, 0.5333156263217765, 0.5328800237238126], [0.5244644561083853, 0.5261840375028176, 0.5338771146772402, 0.5345759242865443, 0.5343087262107399], [0.5149210871549947, 0.5171595501438112, 0.5305223671353432, 0.5308526103409861, 0.5306236089314715], [0.5022141493924142, 0.5049411880222588, 0.522690301743725, 0.5227821961451108, 0.5225898401763147], [0.48752399897339904, 0.49043280562645464, 0.5108774706813224, 0.5111002463746481, 0.5109769165885993]], "MAE": [[1.0221865839826259, 1.0207079556421907, 1.0180825402515628, 1.0195726931078595, 1.020315818331118], [1.0276652178028072, 1.026059512579827, 1.0159005206230753, 1.015797481216174, 1.0158870024636812], [1.0353148159958934, 1.0332780343806605, 1.0198650606416018, 1.0192635658783775, 1.0192374302551062], [1.04625614237875, 1.0434738364499567, 1.026262247504273, 1.0258135338136936, 1.025762583640133], [1.0596349800144398, 1.056666941167358, 1.0357088707678745, 1.0350558206514542, 1.0349670187346331]]}