{"dim_0_values": [7.75e-05, 0.0001, 0.0001225, 0.000145, 0.0001675], "dim_0_label": "gamma", "dim_1_values": [0.9, 1.0, 3.25, 5.5, 7.75], "dim_1_label": "c", "correlation": [[0.5426333583228589, 0.5453451853137603, 0.5509105978524095, 0.5505167857775236, 0.5493048691072996], [0.5344956425263794, 0.537434806540419, 0.549988016620069, 0.5496816561892879, 0.5489568420690347], [0.5225389035329318, 0.5260704484998491, 0.5439967178438812, 0.5439470724828482, 0.5435855631590643], [0.5074495859848702, 0.5113835051217156, 0.5335871615334141, 0.5335676422778196, 0.5333923183972492], [0.49051265442254927, 0.4945525638579668, 0.5193745945514209, 0.5196195040762621, 0.5195530587192331]], "MAE": [[1.1089217216993117, 1.1064357025358147, 1.098842535594877, 1.098931010854594, 1.1012073817980141], [1.1147950735728618, 1.1121750883231254, 1.0966573483988742, 1.096698891582026, 1.0980948079393251], [1.1236217351020543, 1.1205128047328967, 1.0996053876919138, 1.0990406812194438, 1.0995727717615975], [1.1349773226082238, 1.131888266653413, 1.1077600188378032, 1.1066420755282693, 1.1064670091088333], [1.1484073016524536, 1.1448655659108913, 1.11924438731337, 1.1178117274469745, 1.1176511763597181]]}