{"dim_0_values": [0.00039, 0.000535, 0.00068], "dim_0_label": "gamma", "dim_1_values": [1.0, 3.25, 5.5], "dim_1_label": "c", "correlation": [[0.3505375398665684, 0.3610479087869605, 0.3632182624393988], [0.32521354666789337, 0.3346408535778912, 0.3372253775037066], [0.2872529777208816, 0.3032225174855253, 0.30831002275642816]], "MAE": [[1.4100285399217183, 1.4198320490053997, 1.4271144492488852], [1.4213640545157373, 1.4412608294641018, 1.4508314338982644], [1.4220476325967566, 1.442666758912609, 1.4525206068139358]]}