{"dim_0_values": [1e-05, 3.2500000000000004e-05, 5.5e-05], "dim_0_label": "gamma", "dim_1_values": [0.9, 1.0, 3.25, 5.5, 7.75], "dim_1_label": "c", "correlation": [[0.476035608240614, 0.47932864141511916, 0.48256666176105595, 0.4723714910850551, 0.46758964582124674], [0.4876076267657367, 0.48775255299589365, 0.48688324682880985, 0.4906676964678182, 0.4890629639625226], [0.4864558593449427, 0.48697602089546127, 0.5008877265381065, 0.4985510561739551, 0.49555854844257374]], "MAE": [[0.9904482473774944, 0.98856260613167, 1.0076176271770798, 1.0308417091658488, 1.0461203733421285], [0.9866398895877648, 0.9885488939826567, 1.018462087471182, 1.0311954206476208, 1.040809688229268], [0.9862349776914536, 0.987703318720311, 1.0042898800048454, 1.0139766910737642, 1.0173065908420948]]}