{"dim_0_values": [7.75e-05, 0.0001, 0.0001225, 0.000145, 0.0001675], "dim_0_label": "gamma", "dim_1_values": [14.5, 16.75, 19.0], "dim_1_label": "c", "correlation": [[0.5315978441995693, 0.5314054306051109, 0.5311698386307369], [0.5334960266381411, 0.5333656428324312, 0.5331962027699003], [0.5304143493412663, 0.5303909050241948, 0.5303506717074822], [0.5227760985378436, 0.522847854815856, 0.5229124463154097], [0.5114204311197383, 0.5115611638245667, 0.5117078851464308]], "MAE": [[1.0211931212026235, 1.0214708382783875, 1.0217524123407162], [1.01653889191906, 1.0167069744565418, 1.0169441021709849], [1.0193625814988172, 1.0194302151224375, 1.019499715436487], [1.0258351843982492, 1.0258903416629843, 1.025902966708878], [1.0348925770266142, 1.0348880964142055, 1.0348684433457382]]}