{"dim_0_values": [7.75e-05, 0.0001, 0.0001225, 0.000145, 0.0001675], "dim_0_label": "gamma", "dim_1_values": [0.9, 1.0, 3.25, 5.5, 7.75], "dim_1_label": "c", "correlation": [[0.4436905122150805, 0.4460990027240427, 0.4601219729733467, 0.4600017891243184, 0.45751423942104086], [0.43646132249559094, 0.43920493541982986, 0.46035082896060014, 0.462485682265701, 0.4619176491306606], [0.42637884108378976, 0.429529247355409, 0.4577978694902801, 0.462178562442774, 0.4626244891072566], [0.4143825600864907, 0.41767024577415923, 0.4507837994452631, 0.4579367768962111, 0.45923970986382284], [0.4012288719453012, 0.4045882343829383, 0.44013241452941365, 0.44995001160353815, 0.45208967826764584]], "MAE": [[2.5711461930097883, 2.5664021468255425, 2.5466543013961416, 2.55695134002355, 2.5659015258579387], [2.585199976032007, 2.579187485581631, 2.542374136149118, 2.5466366319660083, 2.551421870578907], [2.604402221683992, 2.5980804287783066, 2.545869274462821, 2.5431664197050803, 2.5484715234646655], [2.627700878456522, 2.6208373815576484, 2.557750790577031, 2.551759683969979, 2.555448569445053], [2.6523829237995815, 2.6455605219587848, 2.577697460452125, 2.5663803604860904, 2.5690633056466368]]}