{"dim_0_values": [7.75e-05, 0.0001, 0.0001225, 0.000145, 0.0001675], "dim_0_label": "gamma", "dim_1_values": [0.9, 1.0, 3.25, 5.5, 7.75], "dim_1_label": "c", "correlation": [[0.4843413672322381, 0.4861489511550622, 0.5024559085294152, 0.5006420373921558, 0.4983830871301107], [0.47975138601497935, 0.4822857796298668, 0.49993566158828295, 0.49822671568634175, 0.4966571207236376], [0.47122509093227705, 0.47421431070988723, 0.4923852986706599, 0.49114519090060377, 0.49034091440989264], [0.4584331007273648, 0.46173588362880996, 0.48105083800997084, 0.4803681385267876, 0.479953713518809], [0.44291085367641675, 0.44638779186233485, 0.46648273557079056, 0.46628847198804746, 0.46605428569829344]], "MAE": [[0.9846840640557978, 0.9850469121616656, 0.9933704147627863, 0.9972828563732092, 0.9985593064914943], [0.9856297214986784, 0.9848930868550886, 0.985405636456237, 0.9879772255940357, 0.9890646239638173], [0.9899203599004094, 0.9882908982715489, 0.9834523138286697, 0.9847797629378793, 0.9855389459015949], [0.9970917946725674, 0.9952935193837902, 0.9859585320352714, 0.9865376208241861, 0.9870779984485707], [1.006487015426983, 1.004423655191133, 0.9923896941998621, 0.9923446906934242, 0.9925234884487191]]}