{"dim_0_values": [7.75e-05, 0.0001, 0.0001225, 0.000145, 0.0001675], "dim_0_label": "gamma", "dim_1_values": [0.9, 1.0, 3.25, 5.5, 7.75], "dim_1_label": "c", "correlation": [[0.3921806994172881, 0.39557392635113564, 0.42265991431606853, 0.429514885873312, 0.4334379693602753], [0.38459095156780304, 0.3881971990467783, 0.4176310867030333, 0.4264097944847248, 0.43347083199582154], [0.37480394020802055, 0.37847005008736195, 0.4100953786929288, 0.42160681736192335, 0.4300356186162051], [0.36313033047488946, 0.36691274886952996, 0.40130114762068114, 0.41449697140952885, 0.42396898016963624], [0.3503663709515796, 0.3539677923020433, 0.3903847015583986, 0.4052845050599057, 0.41550303967880536]], "MAE": [[5.6771388034029275, 5.6568608980168404, 5.464917865866533, 5.39492972553341, 5.374727863412445], [5.729304674088584, 5.71051127676376, 5.511821051596473, 5.435738989700172, 5.394478538081033], [5.78428546315379, 5.767160650432034, 5.572718348068493, 5.488321713646317, 5.439288818857254], [5.840743919445127, 5.825047990337435, 5.639321950400077, 5.5542895839362805, 5.500971180766923], [5.892595210509413, 5.879631808854835, 5.70746599547748, 5.625383169710341, 5.57253302134171]]}