{"dim_0_values": [7.75e-05, 0.0001, 0.0001225, 0.000145, 0.0001675], "dim_0_label": "gamma", "dim_1_values": [10.0, 12.25, 14.5, 16.75], "dim_1_label": "c", "correlation": [[0.4563068063516246, 0.45436077602861324, 0.45270450202611184, 0.45199456475695404], [0.4610441983463678, 0.4595232425799357, 0.4588695555948655, 0.4584170618924552], [0.4619317354449859, 0.4611723677644815, 0.460749106496895, 0.4605835067341596], [0.45914749760715795, 0.45871185425065364, 0.45846811842578516, 0.45838854028996434], [0.452448160246282, 0.4522907829434459, 0.4521715184106928, 0.45215417792837836]], "MAE": [[2.5752319790390277, 2.5816837741412497, 2.5870710257132905, 2.5904286567355364], [2.5572932755673357, 2.5626105342276557, 2.5656938986018853, 2.5674487466478233], [2.552772921761788, 2.5566709805335073, 2.5586028208983573, 2.559066152122928], [2.5589921868008996, 2.5613003222935924, 2.5620945388471146, 2.562423786282694], [2.5718007043370954, 2.5731816238941674, 2.5733881847801308, 2.5735833809321744]]}