{"dim_0_values": [3.25e-05, 5.4999999999999995e-05, 7.749999999999999e-05, 9.999999999999999e-05, 0.0001225], "dim_0_label": "gamma", "dim_1_values": [21.25, 23.5, 25.75, 28.0, 30.25], "dim_1_label": "c", "correlation": [[0.43070625480896174, 0.43088101062263157, 0.4307654544161638, 0.4308787336684647, 0.43086012439686117], [0.4401701086353879, 0.43951035819422374, 0.43933244795772636, 0.4400617957447834, 0.4406476204399914], [0.44492086377849654, 0.44556334887798815, 0.4458227533874088, 0.4459106985633005, 0.4459155682835077], [0.445648086202801, 0.44568424725756994, 0.4456595794136919, 0.44594843719755556, 0.4460473786871201], [0.4423232332158372, 0.44238481129791446, 0.4427053767635086, 0.44278287617718326, 0.44275311456948463]], "MAE": [[5.407011247245097, 5.414330253549306, 5.418898238128359, 5.422585461905086, 5.42715246770369], [5.366872591127305, 5.373060918706197, 5.375646179495912, 5.3740812958482564, 5.374166881899881], [5.353823935319035, 5.353773814030539, 5.354414295432754, 5.355397196466627, 5.356090056006047], [5.362360474257288, 5.363039299974889, 5.363682639485663, 5.363587179332291, 5.363958629276743], [5.38636300300513, 5.386596668275326, 5.386440134656815, 5.386602679866899, 5.386770386287978]]}