{ "dim_0_values": [ 1e-06, 1e-05, 4.355027642648835e-05, 0.0001, 0.001 ], "dim_0_label": "gamma", "dim_1_values": [ 0.01, 0.1, 1.0, 10.0, 100.0 ], "dim_1_label": "c", "correlation": [ [ 0.3655163641511747, 0.3728559080640457, 0.4107148197781139, 0.4655465044220028, 0.4291349429673758 ], [ 0.3714914267701957, 0.40621339080257973, 0.4630383242861505, 0.4410155453669852, 0.376992795049555 ], [ 0.37637306873852594, 0.4252197528364839, 0.4721569137448398, 0.44096892341771704, 0.4306045901453513 ], [ 0.3716846411798409, 0.4122666049714471, 0.47333308765711346, 0.46979241460978316, 0.46760863996971463 ], [ 0.1324869730896891, 0.13801780067487823, 0.1439639123956898, 0.15652383079593757, 0.15617841014540707 ] ], "MAE": [ [ 1.4177847730008302, 1.391456881510294, 1.3043653934931376, 1.2342018762188955, 1.3270980862416013 ], [ 1.3961882323615384, 1.3133949433835792, 1.234837169121864, 1.3030875884546091, 1.5176228949828363 ], [ 1.3794015406003681, 1.2866578304466645, 1.2318271478287532, 1.311704180825177, 1.3261835142398855 ], [ 1.3934141929363477, 1.308176791765535, 1.2278403609236732, 1.2494749364940967, 1.2504549952947273 ], [ 1.4211418850107382, 1.4204630804683929, 1.4220975734534018, 1.4543499328997982, 1.454969129395417 ] ] } 