{"dim_0_values": [7.75e-05, 0.0001, 0.0001225, 0.000145, 0.0001675], "dim_0_label": "gamma", "dim_1_values": [10.0, 12.25], "dim_1_label": "c", "correlation": [[0.5324503594307939, 0.5318032668262347], [0.5337079593455909, 0.5335810191311082], [0.5303507635403267, 0.5304024316712773], [0.5225448501580704, 0.5226714808123385], [0.5110670716395314, 0.5112566279334438]], "MAE": [[1.020555265820689, 1.0209166970732526], [1.0162047049039904, 1.0163853924647348], [1.019290423802126, 1.0193142039615137], [1.0257870392021793, 1.0258068438440535], [1.0349377260026476, 1.0349045840414586]]}