{"dim_0_values": [5.5e-05, 7.75e-05, 9.999999999999999e-05, 0.0001225], "dim_0_label": "gamma", "dim_1_values": [0.9, 0.8], "dim_1_label": "c", "correlation": [[0.47288615211650903, 0.47239318299372135], [0.47394637235954246, 0.47270141686839534], [0.4717014607846865, 0.46958365645655575], [0.46609915189077994, 0.4632989997984901]], "MAE": [[1.2299372206532118, 1.2297605712047948], [1.2275446769775422, 1.2281932572990473], [1.2295235173972696, 1.2317214240399634], [1.2367503449080324, 1.2400122322545477]]}